{
    "pools": [
      {
        "rolls":1,
        "entries": [
          {
            "type": "minecraft:item",
            "name": "minecraft:chain_command_block",
            "functions": [
              {
                "function": "minecraft:set_nbt",
                "tag": "{display:{Name:'{\"translate\":\"item.hexenwerk.amulet\",\"color\":\"#62DEDE\",\"italic\":false}',Lore:['{\"translate\":\"lore.hexenwerk.amulet.crystals\",\"color\":\"#BF68BF\",\"italic\":false}','{\"translate\":\"text.hexenwerk.spell_none_2\",\"color\":\"gray\",\"italic\":false}','{\"translate\":\"text.hexenwerk.spell_none_2\",\"color\":\"gray\",\"italic\":false}','{\"translate\":\"text.hexenwerk.spell_none_2\",\"color\":\"gray\",\"italic\":false}','{\"text\":\" \"}','{\"translate\":\"lore.hexenwerk.amulet.bonuses\",\"color\":\"#BF68BF\",\"italic\":false}','{\"translate\":\"text.hexenwerk.spell_none_2\",\"color\":\"gray\",\"italic\":false}','{\"translate\":\"text.hexenwerk.spell_none_2\",\"color\":\"gray\",\"italic\":false}','{\"translate\":\"text.hexenwerk.spell_none_2\",\"color\":\"gray\",\"italic\":false}','{\"text\":\" \"}','{\"translate\":\"lore.hexenwerk.amulet.ability\",\"color\":\"#BF68BF\",\"italic\":false}','{\"translate\":\"text.hexenwerk.spell_none_2\",\"color\":\"gray\",\"italic\":false}']},CustomModelData: 1725}"
              }
            ]
          }
        ]
      }
    ]
  }