{
    "pools": [
      {
        "rolls": 1,
        "entries": [
          {
            "type": "minecraft:item",
            "name": "minecraft:jigsaw",
            "functions": [
              {
                "function": "minecraft:set_nbt",
                "tag": "{display:{Name:'{\"translate\":\"item.hexenwerk.attunement_shard\",\"color\":\"#62DEDE\",\"italic\":false}',Lore:['{\"translate\":\"attunement.hexenwerk.conservation\",\"color\":\"gray\",\"italic\":false}']},CustomModelData:1730,hexenwerk-attunement_shard:1b, hexenwerk-attunement:\"conservation\"}"
              }
            ]
          },
          {
            "type": "minecraft:item",
            "name": "minecraft:jigsaw",
            "functions": [
              {
                "function": "minecraft:set_nbt",
                "tag": "{display:{Name:'{\"translate\":\"item.hexenwerk.attunement_shard\",\"color\":\"#62DEDE\",\"italic\":false}',Lore:['{\"translate\":\"attunement.hexenwerk.expansion\",\"color\":\"gray\",\"italic\":false}']},CustomModelData:1731,hexenwerk-attunement_shard:1b, hexenwerk-attunement:\"expansion\"}"
              }
            ]
          },
          {
            "type": "minecraft:item",
            "name": "minecraft:jigsaw",
            "functions": [
              {
                "function": "minecraft:set_nbt",
                "tag": "{display:{Name:'{\"translate\":\"item.hexenwerk.attunement_shard\",\"color\":\"#62DEDE\",\"italic\":false}',Lore:['{\"translate\":\"attunement.hexenwerk.farsight\",\"color\":\"gray\",\"italic\":false}']},CustomModelData:1732,hexenwerk-attunement_shard:1b, hexenwerk-attunement:\"farsight\"}"
              }
            ]
          },
          {
            "type": "minecraft:item",
            "name": "minecraft:jigsaw",
            "functions": [
              {
                "function": "minecraft:set_nbt",
                "tag": "{display:{Name:'{\"translate\":\"item.hexenwerk.attunement_shard\",\"color\":\"#62DEDE\",\"italic\":false}',Lore:['{\"translate\":\"attunement.hexenwerk.overflow\",\"color\":\"gray\",\"italic\":false}']},CustomModelData:1733,hexenwerk-attunement_shard:1b, hexenwerk-attunement:\"overflow\"}"
              }
            ]
          },
          {
            "type": "minecraft:item",
            "name": "minecraft:jigsaw",
            "functions": [
              {
                "function": "minecraft:set_nbt",
                "tag": "{display:{Name:'{\"translate\":\"item.hexenwerk.attunement_shard\",\"color\":\"#62DEDE\",\"italic\":false}',Lore:['{\"translate\":\"attunement.hexenwerk.refill\",\"color\":\"gray\",\"italic\":false}']},CustomModelData:1734,hexenwerk-attunement_shard:1b, hexenwerk-attunement:\"refill\"}"
              }
            ]
          }
        ]
      }
    ]
  }
  