"filename", "language", "JSON", "mcfunction", "comment", "blank", "total"
"c:\Users\Flynn\AppData\Roaming\.minecraft\saves\Hexenwerk Dev\datapacks\Hexenwerk Datapack\data\hexenwerk\advancements\craft\magical_crafting_table.json", "JSON", 14, 0, 0, 1, 15
"c:\Users\Flynn\AppData\Roaming\.minecraft\saves\Hexenwerk Dev\datapacks\Hexenwerk Datapack\data\hexenwerk\advancements\craft\magical_crystal.json", "JSON", 14, 0, 0, 1, 15
"c:\Users\Flynn\AppData\Roaming\.minecraft\saves\Hexenwerk Dev\datapacks\Hexenwerk Datapack\data\hexenwerk\advancements\craft\wand.json", "JSON", 14, 0, 0, 1, 15
"c:\Users\Flynn\AppData\Roaming\.minecraft\saves\Hexenwerk Dev\datapacks\Hexenwerk Datapack\data\hexenwerk\advancements\crystal.json", "JSON", 34, 0, 0, 0, 34
"c:\Users\Flynn\AppData\Roaming\.minecraft\saves\Hexenwerk Dev\datapacks\Hexenwerk Datapack\data\hexenwerk\advancements\magical_crafting_table.json", "JSON", 34, 0, 0, 0, 34
"c:\Users\Flynn\AppData\Roaming\.minecraft\saves\Hexenwerk Dev\datapacks\Hexenwerk Datapack\data\hexenwerk\advancements\other\inventory_changed.json", "JSON", 11, 0, 0, 1, 12
"c:\Users\Flynn\AppData\Roaming\.minecraft\saves\Hexenwerk Dev\datapacks\Hexenwerk Datapack\data\hexenwerk\advancements\other\join.json", "JSON", 10, 0, 0, 1, 11
"c:\Users\Flynn\AppData\Roaming\.minecraft\saves\Hexenwerk Dev\datapacks\Hexenwerk Datapack\data\hexenwerk\advancements\root.json", "JSON", 25, 0, 0, 0, 25
"c:\Users\Flynn\AppData\Roaming\.minecraft\saves\Hexenwerk Dev\datapacks\Hexenwerk Datapack\data\hexenwerk\advancements\shard.json", "JSON", 34, 0, 0, 0, 34
"c:\Users\Flynn\AppData\Roaming\.minecraft\saves\Hexenwerk Dev\datapacks\Hexenwerk Datapack\data\hexenwerk\advancements\spell.json", "JSON", 26, 0, 0, 0, 26
"c:\Users\Flynn\AppData\Roaming\.minecraft\saves\Hexenwerk Dev\datapacks\Hexenwerk Datapack\data\hexenwerk\advancements\wand.json", "JSON", 34, 0, 0, 0, 34
"c:\Users\Flynn\AppData\Roaming\.minecraft\saves\Hexenwerk Dev\datapacks\Hexenwerk Datapack\data\hexenwerk\damage_type\glacius.json", "JSON", 6, 0, 0, 1, 7
"c:\Users\Flynn\AppData\Roaming\.minecraft\saves\Hexenwerk Dev\datapacks\Hexenwerk Datapack\data\hexenwerk\damage_type\ignis_temptates.json", "JSON", 6, 0, 0, 1, 7
"c:\Users\Flynn\AppData\Roaming\.minecraft\saves\Hexenwerk Dev\datapacks\Hexenwerk Datapack\data\hexenwerk\damage_type\terrae_motus.json", "JSON", 5, 0, 0, 1, 6
"c:\Users\Flynn\AppData\Roaming\.minecraft\saves\Hexenwerk Dev\datapacks\Hexenwerk Datapack\data\hexenwerk\functions\_config.mcfunction", "mcfunction", 0, 1, 1, 1, 3
"c:\Users\Flynn\AppData\Roaming\.minecraft\saves\Hexenwerk Dev\datapacks\Hexenwerk Datapack\data\hexenwerk\functions\amulets\main.mcfunction", "mcfunction", 0, 0, 0, 1, 1
"c:\Users\Flynn\AppData\Roaming\.minecraft\saves\Hexenwerk Dev\datapacks\Hexenwerk Datapack\data\hexenwerk\functions\animations\main.mcfunction", "mcfunction", 0, 3, 0, 0, 3
"c:\Users\Flynn\AppData\Roaming\.minecraft\saves\Hexenwerk Dev\datapacks\Hexenwerk Datapack\data\hexenwerk\functions\armor_modifiers\chest.mcfunction", "mcfunction", 0, 2, 0, 0, 2
"c:\Users\Flynn\AppData\Roaming\.minecraft\saves\Hexenwerk Dev\datapacks\Hexenwerk Datapack\data\hexenwerk\functions\armor_modifiers\feet.mcfunction", "mcfunction", 0, 2, 0, 0, 2
"c:\Users\Flynn\AppData\Roaming\.minecraft\saves\Hexenwerk Dev\datapacks\Hexenwerk Datapack\data\hexenwerk\functions\armor_modifiers\head.mcfunction", "mcfunction", 0, 2, 0, 0, 2
"c:\Users\Flynn\AppData\Roaming\.minecraft\saves\Hexenwerk Dev\datapacks\Hexenwerk Datapack\data\hexenwerk\functions\armor_modifiers\legs.mcfunction", "mcfunction", 0, 2, 0, 0, 2
"c:\Users\Flynn\AppData\Roaming\.minecraft\saves\Hexenwerk Dev\datapacks\Hexenwerk Datapack\data\hexenwerk\functions\armor_modifiers\main.mcfunction", "mcfunction", 0, 5, 0, 1, 6
"c:\Users\Flynn\AppData\Roaming\.minecraft\saves\Hexenwerk Dev\datapacks\Hexenwerk Datapack\data\hexenwerk\functions\blocks\dev_desk\blocks\main.mcfunction", "mcfunction", 0, 5, 0, 0, 5
"c:\Users\Flynn\AppData\Roaming\.minecraft\saves\Hexenwerk Dev\datapacks\Hexenwerk Datapack\data\hexenwerk\functions\blocks\dev_desk\destroy.mcfunction", "mcfunction", 0, 3, 0, 3, 6
"c:\Users\Flynn\AppData\Roaming\.minecraft\saves\Hexenwerk Dev\datapacks\Hexenwerk Datapack\data\hexenwerk\functions\blocks\dev_desk\home.mcfunction", "mcfunction", 0, 2, 0, 0, 2
"c:\Users\Flynn\AppData\Roaming\.minecraft\saves\Hexenwerk Dev\datapacks\Hexenwerk Datapack\data\hexenwerk\functions\blocks\dev_desk\home\main.mcfunction", "mcfunction", 0, 3, 0, 0, 3
"c:\Users\Flynn\AppData\Roaming\.minecraft\saves\Hexenwerk Dev\datapacks\Hexenwerk Datapack\data\hexenwerk\functions\blocks\dev_desk\items\main.mcfunction", "mcfunction", 0, 11, 0, 1, 12
"c:\Users\Flynn\AppData\Roaming\.minecraft\saves\Hexenwerk Dev\datapacks\Hexenwerk Datapack\data\hexenwerk\functions\blocks\dev_desk\main.mcfunction", "mcfunction", 0, 5, 0, 2, 7
"c:\Users\Flynn\AppData\Roaming\.minecraft\saves\Hexenwerk Dev\datapacks\Hexenwerk Datapack\data\hexenwerk\functions\blocks\dev_desk\place.mcfunction", "mcfunction", 0, 4, 0, 6, 10
"c:\Users\Flynn\AppData\Roaming\.minecraft\saves\Hexenwerk Dev\datapacks\Hexenwerk Datapack\data\hexenwerk\functions\blocks\dev_desk\spells\main.mcfunction", "mcfunction", 0, 16, 0, 2, 18
"c:\Users\Flynn\AppData\Roaming\.minecraft\saves\Hexenwerk Dev\datapacks\Hexenwerk Datapack\data\hexenwerk\functions\blocks\magical_crafting_table\destroy.mcfunction", "mcfunction", 0, 5, 0, 3, 8
"c:\Users\Flynn\AppData\Roaming\.minecraft\saves\Hexenwerk Dev\datapacks\Hexenwerk Datapack\data\hexenwerk\functions\blocks\magical_crafting_table\gui\check_extra\extended_wand.mcfunction", "mcfunction", 0, 67, 0, 6, 73
"c:\Users\Flynn\AppData\Roaming\.minecraft\saves\Hexenwerk Dev\datapacks\Hexenwerk Datapack\data\hexenwerk\functions\blocks\magical_crafting_table\gui\check_extra\magical.mcfunction", "mcfunction", 0, 55, 0, 6, 61
"c:\Users\Flynn\AppData\Roaming\.minecraft\saves\Hexenwerk Dev\datapacks\Hexenwerk Datapack\data\hexenwerk\functions\blocks\magical_crafting_table\gui\check_extra\wand.mcfunction", "mcfunction", 0, 73, 0, 6, 79
"c:\Users\Flynn\AppData\Roaming\.minecraft\saves\Hexenwerk Dev\datapacks\Hexenwerk Datapack\data\hexenwerk\functions\blocks\magical_crafting_table\gui\fix_items.mcfunction", "mcfunction", 0, 3, 0, 3, 6
"c:\Users\Flynn\AppData\Roaming\.minecraft\saves\Hexenwerk Dev\datapacks\Hexenwerk Datapack\data\hexenwerk\functions\blocks\magical_crafting_table\gui\mask\extended_wand.mcfunction", "mcfunction", 0, 4, 0, 3, 7
"c:\Users\Flynn\AppData\Roaming\.minecraft\saves\Hexenwerk Dev\datapacks\Hexenwerk Datapack\data\hexenwerk\functions\blocks\magical_crafting_table\gui\mask\magical.mcfunction", "mcfunction", 0, 3, 0, 2, 5
"c:\Users\Flynn\AppData\Roaming\.minecraft\saves\Hexenwerk Dev\datapacks\Hexenwerk Datapack\data\hexenwerk\functions\blocks\magical_crafting_table\gui\mask\main.mcfunction", "mcfunction", 0, 3, 0, 1, 4
"c:\Users\Flynn\AppData\Roaming\.minecraft\saves\Hexenwerk Dev\datapacks\Hexenwerk Datapack\data\hexenwerk\functions\blocks\magical_crafting_table\gui\mask\wand.mcfunction", "mcfunction", 0, 4, 0, 3, 7
"c:\Users\Flynn\AppData\Roaming\.minecraft\saves\Hexenwerk Dev\datapacks\Hexenwerk Datapack\data\hexenwerk\functions\blocks\magical_crafting_table\magical\check_recipes.mcfunction", "mcfunction", 0, 52, 15, 17, 84
"c:\Users\Flynn\AppData\Roaming\.minecraft\saves\Hexenwerk Dev\datapacks\Hexenwerk Datapack\data\hexenwerk\functions\blocks\magical_crafting_table\magical\craft\aguamenti.mcfunction", "mcfunction", 0, 4, 0, 1, 5
"c:\Users\Flynn\AppData\Roaming\.minecraft\saves\Hexenwerk Dev\datapacks\Hexenwerk Datapack\data\hexenwerk\functions\blocks\magical_crafting_table\magical\craft\ardo.mcfunction", "mcfunction", 0, 4, 0, 1, 5
"c:\Users\Flynn\AppData\Roaming\.minecraft\saves\Hexenwerk Dev\datapacks\Hexenwerk Datapack\data\hexenwerk\functions\blocks\magical_crafting_table\magical\craft\attonus.mcfunction", "mcfunction", 0, 4, 0, 1, 5
"c:\Users\Flynn\AppData\Roaming\.minecraft\saves\Hexenwerk Dev\datapacks\Hexenwerk Datapack\data\hexenwerk\functions\blocks\magical_crafting_table\magical\craft\auxiliare.mcfunction", "mcfunction", 0, 4, 0, 0, 4
"c:\Users\Flynn\AppData\Roaming\.minecraft\saves\Hexenwerk Dev\datapacks\Hexenwerk Datapack\data\hexenwerk\functions\blocks\magical_crafting_table\magical\craft\circulum_sanitatem.mcfunction", "mcfunction", 0, 4, 0, 1, 5
"c:\Users\Flynn\AppData\Roaming\.minecraft\saves\Hexenwerk Dev\datapacks\Hexenwerk Datapack\data\hexenwerk\functions\blocks\magical_crafting_table\magical\craft\commovus.mcfunction", "mcfunction", 0, 4, 0, 1, 5
"c:\Users\Flynn\AppData\Roaming\.minecraft\saves\Hexenwerk Dev\datapacks\Hexenwerk Datapack\data\hexenwerk\functions\blocks\magical_crafting_table\magical\craft\consedo.mcfunction", "mcfunction", 0, 4, 0, 1, 5
"c:\Users\Flynn\AppData\Roaming\.minecraft\saves\Hexenwerk Dev\datapacks\Hexenwerk Datapack\data\hexenwerk\functions\blocks\magical_crafting_table\magical\craft\generic.mcfunction", "mcfunction", 0, 4, 0, 1, 5
"c:\Users\Flynn\AppData\Roaming\.minecraft\saves\Hexenwerk Dev\datapacks\Hexenwerk Datapack\data\hexenwerk\functions\blocks\magical_crafting_table\magical\craft\ignis_temptates.mcfunction", "mcfunction", 0, 4, 0, 1, 5
"c:\Users\Flynn\AppData\Roaming\.minecraft\saves\Hexenwerk Dev\datapacks\Hexenwerk Datapack\data\hexenwerk\functions\blocks\magical_crafting_table\magical\craft\iunior.mcfunction", "mcfunction", 0, 4, 0, 1, 5
"c:\Users\Flynn\AppData\Roaming\.minecraft\saves\Hexenwerk Dev\datapacks\Hexenwerk Datapack\data\hexenwerk\functions\blocks\magical_crafting_table\magical\craft\magical_crafting_table.mcfunction", "mcfunction", 0, 4, 0, 1, 5
"c:\Users\Flynn\AppData\Roaming\.minecraft\saves\Hexenwerk Dev\datapacks\Hexenwerk Datapack\data\hexenwerk\functions\blocks\magical_crafting_table\magical\craft\magical_crystal.mcfunction", "mcfunction", 0, 4, 0, 1, 5
"c:\Users\Flynn\AppData\Roaming\.minecraft\saves\Hexenwerk Dev\datapacks\Hexenwerk Datapack\data\hexenwerk\functions\blocks\magical_crafting_table\magical\craft\remove_output\main.mcfunction", "mcfunction", 0, 19, 0, 0, 19
"c:\Users\Flynn\AppData\Roaming\.minecraft\saves\Hexenwerk Dev\datapacks\Hexenwerk Datapack\data\hexenwerk\functions\blocks\magical_crafting_table\magical\craft\remove_output\substract\0.mcfunction", "mcfunction", 0, 3, 0, 0, 3
"c:\Users\Flynn\AppData\Roaming\.minecraft\saves\Hexenwerk Dev\datapacks\Hexenwerk Datapack\data\hexenwerk\functions\blocks\magical_crafting_table\magical\craft\remove_output\substract\1.mcfunction", "mcfunction", 0, 3, 0, 1, 4
"c:\Users\Flynn\AppData\Roaming\.minecraft\saves\Hexenwerk Dev\datapacks\Hexenwerk Datapack\data\hexenwerk\functions\blocks\magical_crafting_table\magical\craft\remove_output\substract\2.mcfunction", "mcfunction", 0, 3, 0, 1, 4
"c:\Users\Flynn\AppData\Roaming\.minecraft\saves\Hexenwerk Dev\datapacks\Hexenwerk Datapack\data\hexenwerk\functions\blocks\magical_crafting_table\magical\craft\remove_output\substract\3.mcfunction", "mcfunction", 0, 3, 0, 0, 3
"c:\Users\Flynn\AppData\Roaming\.minecraft\saves\Hexenwerk Dev\datapacks\Hexenwerk Datapack\data\hexenwerk\functions\blocks\magical_crafting_table\magical\craft\remove_output\substract\4.mcfunction", "mcfunction", 0, 3, 0, 0, 3
"c:\Users\Flynn\AppData\Roaming\.minecraft\saves\Hexenwerk Dev\datapacks\Hexenwerk Datapack\data\hexenwerk\functions\blocks\magical_crafting_table\magical\craft\remove_output\substract\5.mcfunction", "mcfunction", 0, 3, 0, 0, 3
"c:\Users\Flynn\AppData\Roaming\.minecraft\saves\Hexenwerk Dev\datapacks\Hexenwerk Datapack\data\hexenwerk\functions\blocks\magical_crafting_table\magical\craft\remove_output\substract\6.mcfunction", "mcfunction", 0, 3, 0, 0, 3
"c:\Users\Flynn\AppData\Roaming\.minecraft\saves\Hexenwerk Dev\datapacks\Hexenwerk Datapack\data\hexenwerk\functions\blocks\magical_crafting_table\magical\craft\remove_output\substract\7.mcfunction", "mcfunction", 0, 3, 0, 0, 3
"c:\Users\Flynn\AppData\Roaming\.minecraft\saves\Hexenwerk Dev\datapacks\Hexenwerk Datapack\data\hexenwerk\functions\blocks\magical_crafting_table\magical\craft\remove_output\substract\8.mcfunction", "mcfunction", 0, 3, 0, 0, 3
"c:\Users\Flynn\AppData\Roaming\.minecraft\saves\Hexenwerk Dev\datapacks\Hexenwerk Datapack\data\hexenwerk\functions\blocks\magical_crafting_table\magical\craft\terrae_motus.mcfunction", "mcfunction", 0, 4, 0, 1, 5
"c:\Users\Flynn\AppData\Roaming\.minecraft\saves\Hexenwerk Dev\datapacks\Hexenwerk Datapack\data\hexenwerk\functions\blocks\magical_crafting_table\magical\craft\wand.mcfunction", "mcfunction", 0, 4, 0, 1, 5
"c:\Users\Flynn\AppData\Roaming\.minecraft\saves\Hexenwerk Dev\datapacks\Hexenwerk Datapack\data\hexenwerk\functions\blocks\magical_crafting_table\magical\craft\wingardium_leviosa.mcfunction", "mcfunction", 0, 4, 0, 1, 5
"c:\Users\Flynn\AppData\Roaming\.minecraft\saves\Hexenwerk Dev\datapacks\Hexenwerk Datapack\data\hexenwerk\functions\blocks\magical_crafting_table\magical\main.mcfunction", "mcfunction", 0, 11, 0, 3, 14
"c:\Users\Flynn\AppData\Roaming\.minecraft\saves\Hexenwerk Dev\datapacks\Hexenwerk Datapack\data\hexenwerk\functions\blocks\magical_crafting_table\magical\remove_crafting_output_tag.mcfunction", "mcfunction", 0, 0, 0, 1, 1
"c:\Users\Flynn\AppData\Roaming\.minecraft\saves\Hexenwerk Dev\datapacks\Hexenwerk Datapack\data\hexenwerk\functions\blocks\magical_crafting_table\magical\replace_missplaced_output.mcfunction", "mcfunction", 0, 6, 0, 0, 6
"c:\Users\Flynn\AppData\Roaming\.minecraft\saves\Hexenwerk Dev\datapacks\Hexenwerk Datapack\data\hexenwerk\functions\blocks\magical_crafting_table\main.mcfunction", "mcfunction", 0, 5, 0, 3, 8
"c:\Users\Flynn\AppData\Roaming\.minecraft\saves\Hexenwerk Dev\datapacks\Hexenwerk Datapack\data\hexenwerk\functions\blocks\magical_crafting_table\place.mcfunction", "mcfunction", 0, 6, 0, 13, 19
"c:\Users\Flynn\AppData\Roaming\.minecraft\saves\Hexenwerk Dev\datapacks\Hexenwerk Datapack\data\hexenwerk\functions\blocks\magical_crafting_table\switch_mode\crafting.mcfunction", "mcfunction", 0, 3, 0, 6, 9
"c:\Users\Flynn\AppData\Roaming\.minecraft\saves\Hexenwerk Dev\datapacks\Hexenwerk Datapack\data\hexenwerk\functions\blocks\magical_crafting_table\switch_mode\remove_items\crafting.mcfunction", "mcfunction", 0, 33, 0, 7, 40
"c:\Users\Flynn\AppData\Roaming\.minecraft\saves\Hexenwerk Dev\datapacks\Hexenwerk Datapack\data\hexenwerk\functions\blocks\magical_crafting_table\switch_mode\remove_items\magical.mcfunction", "mcfunction", 0, 57, 0, 4, 61
"c:\Users\Flynn\AppData\Roaming\.minecraft\saves\Hexenwerk Dev\datapacks\Hexenwerk Datapack\data\hexenwerk\functions\blocks\magical_crafting_table\switch_mode\wand.mcfunction", "mcfunction", 0, 4, 0, 5, 9
"c:\Users\Flynn\AppData\Roaming\.minecraft\saves\Hexenwerk Dev\datapacks\Hexenwerk Datapack\data\hexenwerk\functions\blocks\magical_crafting_table\wand\apply\fifth.mcfunction", "mcfunction", 0, 7, 0, 1, 8
"c:\Users\Flynn\AppData\Roaming\.minecraft\saves\Hexenwerk Dev\datapacks\Hexenwerk Datapack\data\hexenwerk\functions\blocks\magical_crafting_table\wand\apply\first.mcfunction", "mcfunction", 0, 7, 0, 1, 8
"c:\Users\Flynn\AppData\Roaming\.minecraft\saves\Hexenwerk Dev\datapacks\Hexenwerk Datapack\data\hexenwerk\functions\blocks\magical_crafting_table\wand\apply\fourth.mcfunction", "mcfunction", 0, 7, 0, 1, 8
"c:\Users\Flynn\AppData\Roaming\.minecraft\saves\Hexenwerk Dev\datapacks\Hexenwerk Datapack\data\hexenwerk\functions\blocks\magical_crafting_table\wand\apply\main.mcfunction", "mcfunction", 0, 10, 0, 2, 12
"c:\Users\Flynn\AppData\Roaming\.minecraft\saves\Hexenwerk Dev\datapacks\Hexenwerk Datapack\data\hexenwerk\functions\blocks\magical_crafting_table\wand\apply\remove\fifth.mcfunction", "mcfunction", 0, 7, 0, 2, 9
"c:\Users\Flynn\AppData\Roaming\.minecraft\saves\Hexenwerk Dev\datapacks\Hexenwerk Datapack\data\hexenwerk\functions\blocks\magical_crafting_table\wand\apply\remove\first.mcfunction", "mcfunction", 0, 7, 0, 1, 8
"c:\Users\Flynn\AppData\Roaming\.minecraft\saves\Hexenwerk Dev\datapacks\Hexenwerk Datapack\data\hexenwerk\functions\blocks\magical_crafting_table\wand\apply\remove\fourth.mcfunction", "mcfunction", 0, 7, 0, 2, 9
"c:\Users\Flynn\AppData\Roaming\.minecraft\saves\Hexenwerk Dev\datapacks\Hexenwerk Datapack\data\hexenwerk\functions\blocks\magical_crafting_table\wand\apply\remove\second.mcfunction", "mcfunction", 0, 7, 0, 2, 9
"c:\Users\Flynn\AppData\Roaming\.minecraft\saves\Hexenwerk Dev\datapacks\Hexenwerk Datapack\data\hexenwerk\functions\blocks\magical_crafting_table\wand\apply\remove\third.mcfunction", "mcfunction", 0, 7, 0, 1, 8
"c:\Users\Flynn\AppData\Roaming\.minecraft\saves\Hexenwerk Dev\datapacks\Hexenwerk Datapack\data\hexenwerk\functions\blocks\magical_crafting_table\wand\apply\second.mcfunction", "mcfunction", 0, 7, 0, 1, 8
"c:\Users\Flynn\AppData\Roaming\.minecraft\saves\Hexenwerk Dev\datapacks\Hexenwerk Datapack\data\hexenwerk\functions\blocks\magical_crafting_table\wand\apply\third.mcfunction", "mcfunction", 0, 7, 0, 1, 8
"c:\Users\Flynn\AppData\Roaming\.minecraft\saves\Hexenwerk Dev\datapacks\Hexenwerk Datapack\data\hexenwerk\functions\blocks\magical_crafting_table\wand\load_books\fifth.mcfunction", "mcfunction", 0, 8, 0, 1, 9
"c:\Users\Flynn\AppData\Roaming\.minecraft\saves\Hexenwerk Dev\datapacks\Hexenwerk Datapack\data\hexenwerk\functions\blocks\magical_crafting_table\wand\load_books\first.mcfunction", "mcfunction", 0, 8, 0, 1, 9
"c:\Users\Flynn\AppData\Roaming\.minecraft\saves\Hexenwerk Dev\datapacks\Hexenwerk Datapack\data\hexenwerk\functions\blocks\magical_crafting_table\wand\load_books\fourth.mcfunction", "mcfunction", 0, 8, 0, 1, 9
"c:\Users\Flynn\AppData\Roaming\.minecraft\saves\Hexenwerk Dev\datapacks\Hexenwerk Datapack\data\hexenwerk\functions\blocks\magical_crafting_table\wand\load_books\kick_items\fifth.mcfunction", "mcfunction", 0, 6, 0, 0, 6
"c:\Users\Flynn\AppData\Roaming\.minecraft\saves\Hexenwerk Dev\datapacks\Hexenwerk Datapack\data\hexenwerk\functions\blocks\magical_crafting_table\wand\load_books\kick_items\first.mcfunction", "mcfunction", 0, 6, 0, 1, 7
"c:\Users\Flynn\AppData\Roaming\.minecraft\saves\Hexenwerk Dev\datapacks\Hexenwerk Datapack\data\hexenwerk\functions\blocks\magical_crafting_table\wand\load_books\kick_items\fourth.mcfunction", "mcfunction", 0, 6, 0, 1, 7
"c:\Users\Flynn\AppData\Roaming\.minecraft\saves\Hexenwerk Dev\datapacks\Hexenwerk Datapack\data\hexenwerk\functions\blocks\magical_crafting_table\wand\load_books\kick_items\main.mcfunction", "mcfunction", 0, 3, 0, 0, 3
"c:\Users\Flynn\AppData\Roaming\.minecraft\saves\Hexenwerk Dev\datapacks\Hexenwerk Datapack\data\hexenwerk\functions\blocks\magical_crafting_table\wand\load_books\kick_items\second.mcfunction", "mcfunction", 0, 6, 0, 0, 6
"c:\Users\Flynn\AppData\Roaming\.minecraft\saves\Hexenwerk Dev\datapacks\Hexenwerk Datapack\data\hexenwerk\functions\blocks\magical_crafting_table\wand\load_books\kick_items\third.mcfunction", "mcfunction", 0, 6, 0, 1, 7
"c:\Users\Flynn\AppData\Roaming\.minecraft\saves\Hexenwerk Dev\datapacks\Hexenwerk Datapack\data\hexenwerk\functions\blocks\magical_crafting_table\wand\load_books\main.mcfunction", "mcfunction", 0, 11, 0, 1, 12
"c:\Users\Flynn\AppData\Roaming\.minecraft\saves\Hexenwerk Dev\datapacks\Hexenwerk Datapack\data\hexenwerk\functions\blocks\magical_crafting_table\wand\load_books\second.mcfunction", "mcfunction", 0, 8, 0, 1, 9
"c:\Users\Flynn\AppData\Roaming\.minecraft\saves\Hexenwerk Dev\datapacks\Hexenwerk Datapack\data\hexenwerk\functions\blocks\magical_crafting_table\wand\load_books\third.mcfunction", "mcfunction", 0, 8, 0, 1, 9
"c:\Users\Flynn\AppData\Roaming\.minecraft\saves\Hexenwerk Dev\datapacks\Hexenwerk Datapack\data\hexenwerk\functions\blocks\magical_crafting_table\wand\main.mcfunction", "mcfunction", 0, 9, 0, 4, 13
"c:\Users\Flynn\AppData\Roaming\.minecraft\saves\Hexenwerk Dev\datapacks\Hexenwerk Datapack\data\hexenwerk\functions\blocks\magical_crafting_table\wand\reapply_attunement_lore.mcfunction", "mcfunction", 0, 7, 0, 0, 7
"c:\Users\Flynn\AppData\Roaming\.minecraft\saves\Hexenwerk Dev\datapacks\Hexenwerk Datapack\data\hexenwerk\functions\blocks\magical_crafting_table\wand\remove_wand.mcfunction", "mcfunction", 0, 3, 0, 0, 3
"c:\Users\Flynn\AppData\Roaming\.minecraft\saves\Hexenwerk Dev\datapacks\Hexenwerk Datapack\data\hexenwerk\functions\blocks\magical_flower\destroy.mcfunction", "mcfunction", 0, 2, 0, 2, 4
"c:\Users\Flynn\AppData\Roaming\.minecraft\saves\Hexenwerk Dev\datapacks\Hexenwerk Datapack\data\hexenwerk\functions\blocks\magical_flower\place.mcfunction", "mcfunction", 0, 3, 0, 5, 8
"c:\Users\Flynn\AppData\Roaming\.minecraft\saves\Hexenwerk Dev\datapacks\Hexenwerk Datapack\data\hexenwerk\functions\blocks\main.mcfunction", "mcfunction", 0, 8, 0, 2, 10
"c:\Users\Flynn\AppData\Roaming\.minecraft\saves\Hexenwerk Dev\datapacks\Hexenwerk Datapack\data\hexenwerk\functions\blocks\main_place.mcfunction", "mcfunction", 0, 4, 0, 1, 5
"c:\Users\Flynn\AppData\Roaming\.minecraft\saves\Hexenwerk Dev\datapacks\Hexenwerk Datapack\data\hexenwerk\functions\blocks\remove_gui_items.mcfunction", "mcfunction", 0, 8, 0, 5, 13
"c:\Users\Flynn\AppData\Roaming\.minecraft\saves\Hexenwerk Dev\datapacks\Hexenwerk Datapack\data\hexenwerk\functions\blocks\spell_blocker\destroy.mcfunction", "mcfunction", 0, 2, 0, 1, 3
"c:\Users\Flynn\AppData\Roaming\.minecraft\saves\Hexenwerk Dev\datapacks\Hexenwerk Datapack\data\hexenwerk\functions\blocks\spell_blocker\main.mcfunction", "mcfunction", 0, 9, 0, 0, 9
"c:\Users\Flynn\AppData\Roaming\.minecraft\saves\Hexenwerk Dev\datapacks\Hexenwerk Datapack\data\hexenwerk\functions\blocks\spell_blocker\place.mcfunction", "mcfunction", 0, 3, 0, 2, 5
"c:\Users\Flynn\AppData\Roaming\.minecraft\saves\Hexenwerk Dev\datapacks\Hexenwerk Datapack\data\hexenwerk\functions\config\mana_max\add_one.mcfunction", "mcfunction", 0, 3, 0, 2, 5
"c:\Users\Flynn\AppData\Roaming\.minecraft\saves\Hexenwerk Dev\datapacks\Hexenwerk Datapack\data\hexenwerk\functions\config\mana_max\add_ten.mcfunction", "mcfunction", 0, 3, 0, 2, 5
"c:\Users\Flynn\AppData\Roaming\.minecraft\saves\Hexenwerk Dev\datapacks\Hexenwerk Datapack\data\hexenwerk\functions\config\mana_max\remove_one.mcfunction", "mcfunction", 0, 3, 0, 2, 5
"c:\Users\Flynn\AppData\Roaming\.minecraft\saves\Hexenwerk Dev\datapacks\Hexenwerk Datapack\data\hexenwerk\functions\config\mana_max\remove_ten.mcfunction", "mcfunction", 0, 3, 0, 2, 5
"c:\Users\Flynn\AppData\Roaming\.minecraft\saves\Hexenwerk Dev\datapacks\Hexenwerk Datapack\data\hexenwerk\functions\config\mana_max\reset.mcfunction", "mcfunction", 0, 3, 0, 2, 5
"c:\Users\Flynn\AppData\Roaming\.minecraft\saves\Hexenwerk Dev\datapacks\Hexenwerk Datapack\data\hexenwerk\functions\config\mana_regen\add_one.mcfunction", "mcfunction", 0, 2, 0, 2, 4
"c:\Users\Flynn\AppData\Roaming\.minecraft\saves\Hexenwerk Dev\datapacks\Hexenwerk Datapack\data\hexenwerk\functions\config\mana_regen\add_ten.mcfunction", "mcfunction", 0, 2, 0, 2, 4
"c:\Users\Flynn\AppData\Roaming\.minecraft\saves\Hexenwerk Dev\datapacks\Hexenwerk Datapack\data\hexenwerk\functions\config\mana_regen\remove_one.mcfunction", "mcfunction", 0, 2, 0, 2, 4
"c:\Users\Flynn\AppData\Roaming\.minecraft\saves\Hexenwerk Dev\datapacks\Hexenwerk Datapack\data\hexenwerk\functions\config\mana_regen\remove_ten.mcfunction", "mcfunction", 0, 2, 0, 2, 4
"c:\Users\Flynn\AppData\Roaming\.minecraft\saves\Hexenwerk Dev\datapacks\Hexenwerk Datapack\data\hexenwerk\functions\config\mana_regen\reset.mcfunction", "mcfunction", 0, 2, 0, 2, 4
"c:\Users\Flynn\AppData\Roaming\.minecraft\saves\Hexenwerk Dev\datapacks\Hexenwerk Datapack\data\hexenwerk\functions\config\max_raycast_distance\add_one.mcfunction", "mcfunction", 0, 2, 0, 2, 4
"c:\Users\Flynn\AppData\Roaming\.minecraft\saves\Hexenwerk Dev\datapacks\Hexenwerk Datapack\data\hexenwerk\functions\config\max_raycast_distance\add_ten.mcfunction", "mcfunction", 0, 2, 0, 2, 4
"c:\Users\Flynn\AppData\Roaming\.minecraft\saves\Hexenwerk Dev\datapacks\Hexenwerk Datapack\data\hexenwerk\functions\config\max_raycast_distance\remove_one.mcfunction", "mcfunction", 0, 2, 0, 2, 4
"c:\Users\Flynn\AppData\Roaming\.minecraft\saves\Hexenwerk Dev\datapacks\Hexenwerk Datapack\data\hexenwerk\functions\config\max_raycast_distance\remove_ten.mcfunction", "mcfunction", 0, 2, 0, 2, 4
"c:\Users\Flynn\AppData\Roaming\.minecraft\saves\Hexenwerk Dev\datapacks\Hexenwerk Datapack\data\hexenwerk\functions\config\max_raycast_distance\reset.mcfunction", "mcfunction", 0, 2, 0, 2, 4
"c:\Users\Flynn\AppData\Roaming\.minecraft\saves\Hexenwerk Dev\datapacks\Hexenwerk Datapack\data\hexenwerk\functions\craft\magical_crafting_table.mcfunction", "mcfunction", 0, 4, 0, 5, 9
"c:\Users\Flynn\AppData\Roaming\.minecraft\saves\Hexenwerk Dev\datapacks\Hexenwerk Datapack\data\hexenwerk\functions\craft\magical_crystal.mcfunction", "mcfunction", 0, 4, 0, 6, 10
"c:\Users\Flynn\AppData\Roaming\.minecraft\saves\Hexenwerk Dev\datapacks\Hexenwerk Datapack\data\hexenwerk\functions\craft\wand.mcfunction", "mcfunction", 0, 4, 0, 6, 10
"c:\Users\Flynn\AppData\Roaming\.minecraft\saves\Hexenwerk Dev\datapacks\Hexenwerk Datapack\data\hexenwerk\functions\dev\dev_stone\swap_spell\down.mcfunction", "mcfunction", 0, 7, 0, 0, 7
"c:\Users\Flynn\AppData\Roaming\.minecraft\saves\Hexenwerk Dev\datapacks\Hexenwerk Datapack\data\hexenwerk\functions\dev\dev_stone\swap_spell\up.mcfunction", "mcfunction", 0, 7, 0, 0, 7
"c:\Users\Flynn\AppData\Roaming\.minecraft\saves\Hexenwerk Dev\datapacks\Hexenwerk Datapack\data\hexenwerk\functions\dev\dev_stone\switch\debug.mcfunction", "mcfunction", 0, 4, 0, 0, 4
"c:\Users\Flynn\AppData\Roaming\.minecraft\saves\Hexenwerk Dev\datapacks\Hexenwerk Datapack\data\hexenwerk\functions\dev\dev_stone\switch\dev.mcfunction", "mcfunction", 0, 6, 0, 0, 6
"c:\Users\Flynn\AppData\Roaming\.minecraft\saves\Hexenwerk Dev\datapacks\Hexenwerk Datapack\data\hexenwerk\functions\dev\dev_stone\switch\disabled.mcfunction", "mcfunction", 0, 5, 0, 1, 6
"c:\Users\Flynn\AppData\Roaming\.minecraft\saves\Hexenwerk Dev\datapacks\Hexenwerk Datapack\data\hexenwerk\functions\dev\dev_stone\toggle.mcfunction", "mcfunction", 0, 4, 0, 0, 4
"c:\Users\Flynn\AppData\Roaming\.minecraft\saves\Hexenwerk Dev\datapacks\Hexenwerk Datapack\data\hexenwerk\functions\load.mcfunction", "mcfunction", 0, 63, 7, 11, 81
"c:\Users\Flynn\AppData\Roaming\.minecraft\saves\Hexenwerk Dev\datapacks\Hexenwerk Datapack\data\hexenwerk\functions\loretest.mcfunction", "mcfunction", 0, 0, 0, 1, 1
"c:\Users\Flynn\AppData\Roaming\.minecraft\saves\Hexenwerk Dev\datapacks\Hexenwerk Datapack\data\hexenwerk\functions\main.mcfunction", "mcfunction", 0, 25, 16, 15, 56
"c:\Users\Flynn\AppData\Roaming\.minecraft\saves\Hexenwerk Dev\datapacks\Hexenwerk Datapack\data\hexenwerk\functions\mana\display.mcfunction", "mcfunction", 0, 24, 0, 1, 25
"c:\Users\Flynn\AppData\Roaming\.minecraft\saves\Hexenwerk Dev\datapacks\Hexenwerk Datapack\data\hexenwerk\functions\mana\display_water.mcfunction", "mcfunction", 0, 24, 0, 1, 25
"c:\Users\Flynn\AppData\Roaming\.minecraft\saves\Hexenwerk Dev\datapacks\Hexenwerk Datapack\data\hexenwerk\functions\mana\on_death.mcfunction", "mcfunction", 0, 2, 0, 0, 2
"c:\Users\Flynn\AppData\Roaming\.minecraft\saves\Hexenwerk Dev\datapacks\Hexenwerk Datapack\data\hexenwerk\functions\mana\regen.mcfunction", "mcfunction", 0, 9, 0, 1, 10
"c:\Users\Flynn\AppData\Roaming\.minecraft\saves\Hexenwerk Dev\datapacks\Hexenwerk Datapack\data\hexenwerk\functions\mana\regen_attuned.mcfunction", "mcfunction", 0, 3, 0, 0, 3
"c:\Users\Flynn\AppData\Roaming\.minecraft\saves\Hexenwerk Dev\datapacks\Hexenwerk Datapack\data\hexenwerk\functions\mana\regen_of_flower.mcfunction", "mcfunction", 0, 2, 0, 1, 3
"c:\Users\Flynn\AppData\Roaming\.minecraft\saves\Hexenwerk Dev\datapacks\Hexenwerk Datapack\data\hexenwerk\functions\mana\run_regen.mcfunction", "mcfunction", 0, 2, 0, 1, 3
"c:\Users\Flynn\AppData\Roaming\.minecraft\saves\Hexenwerk Dev\datapacks\Hexenwerk Datapack\data\hexenwerk\functions\mana\update_max.mcfunction", "mcfunction", 0, 6, 0, 0, 6
"c:\Users\Flynn\AppData\Roaming\.minecraft\saves\Hexenwerk Dev\datapacks\Hexenwerk Datapack\data\hexenwerk\functions\player_setup.mcfunction", "mcfunction", 0, 2, 0, 0, 2
"c:\Users\Flynn\AppData\Roaming\.minecraft\saves\Hexenwerk Dev\datapacks\Hexenwerk Datapack\data\hexenwerk\functions\rng.mcfunction", "mcfunction", 0, 9, 0, 1, 10
"c:\Users\Flynn\AppData\Roaming\.minecraft\saves\Hexenwerk Dev\datapacks\Hexenwerk Datapack\data\hexenwerk\functions\spell_events\end\circulum_sanitatem.mcfunction", "mcfunction", 0, 5, 0, 1, 6
"c:\Users\Flynn\AppData\Roaming\.minecraft\saves\Hexenwerk Dev\datapacks\Hexenwerk Datapack\data\hexenwerk\functions\spell_events\end\commovus_motus.mcfunction", "mcfunction", 0, 1, 0, 0, 1
"c:\Users\Flynn\AppData\Roaming\.minecraft\saves\Hexenwerk Dev\datapacks\Hexenwerk Datapack\data\hexenwerk\functions\spell_events\end\consedo.mcfunction", "mcfunction", 0, 1, 0, 0, 1
"c:\Users\Flynn\AppData\Roaming\.minecraft\saves\Hexenwerk Dev\datapacks\Hexenwerk Datapack\data\hexenwerk\functions\spell_events\end\glacius.mcfunction", "mcfunction", 0, 3, 0, 0, 3
"c:\Users\Flynn\AppData\Roaming\.minecraft\saves\Hexenwerk Dev\datapacks\Hexenwerk Datapack\data\hexenwerk\functions\spell_events\end\ignis_temptates.mcfunction", "mcfunction", 0, 26, 0, 14, 40
"c:\Users\Flynn\AppData\Roaming\.minecraft\saves\Hexenwerk Dev\datapacks\Hexenwerk Datapack\data\hexenwerk\functions\spell_events\end\terrae_motus.mcfunction", "mcfunction", 0, 1, 0, 0, 1
"c:\Users\Flynn\AppData\Roaming\.minecraft\saves\Hexenwerk Dev\datapacks\Hexenwerk Datapack\data\hexenwerk\functions\spell_events\main.mcfunction", "mcfunction", 0, 10, 0, 2, 12
"c:\Users\Flynn\AppData\Roaming\.minecraft\saves\Hexenwerk Dev\datapacks\Hexenwerk Datapack\data\hexenwerk\functions\spell_events\other\glacius.mcfunction", "mcfunction", 0, 3, 0, 1, 4
"c:\Users\Flynn\AppData\Roaming\.minecraft\saves\Hexenwerk Dev\datapacks\Hexenwerk Datapack\data\hexenwerk\functions\spell_events\start\circulum_sanitatem.mcfunction", "mcfunction", 0, 0, 0, 1, 1
"c:\Users\Flynn\AppData\Roaming\.minecraft\saves\Hexenwerk Dev\datapacks\Hexenwerk Datapack\data\hexenwerk\functions\spell_events\start\commovus_motus.mcfunction", "mcfunction", 0, 0, 0, 1, 1
"c:\Users\Flynn\AppData\Roaming\.minecraft\saves\Hexenwerk Dev\datapacks\Hexenwerk Datapack\data\hexenwerk\functions\spell_events\start\consedo.mcfunction", "mcfunction", 0, 54, 0, 3, 57
"c:\Users\Flynn\AppData\Roaming\.minecraft\saves\Hexenwerk Dev\datapacks\Hexenwerk Datapack\data\hexenwerk\functions\spell_events\start\display_entities\consedo\inner.mcfunction", "mcfunction", 0, 8, 0, 1, 9
"c:\Users\Flynn\AppData\Roaming\.minecraft\saves\Hexenwerk Dev\datapacks\Hexenwerk Datapack\data\hexenwerk\functions\spell_events\start\display_entities\consedo\mid.mcfunction", "mcfunction", 0, 8, 0, 1, 9
"c:\Users\Flynn\AppData\Roaming\.minecraft\saves\Hexenwerk Dev\datapacks\Hexenwerk Datapack\data\hexenwerk\functions\spell_events\start\display_entities\consedo\outer.mcfunction", "mcfunction", 0, 8, 0, 1, 9
"c:\Users\Flynn\AppData\Roaming\.minecraft\saves\Hexenwerk Dev\datapacks\Hexenwerk Datapack\data\hexenwerk\functions\spell_events\start\glacius.mcfunction", "mcfunction", 0, 12, 0, 3, 15
"c:\Users\Flynn\AppData\Roaming\.minecraft\saves\Hexenwerk Dev\datapacks\Hexenwerk Datapack\data\hexenwerk\functions\spell_events\start\ignis_temptates.mcfunction", "mcfunction", 0, 1, 0, 0, 1
"c:\Users\Flynn\AppData\Roaming\.minecraft\saves\Hexenwerk Dev\datapacks\Hexenwerk Datapack\data\hexenwerk\functions\spell_events\start\main.mcfunction", "mcfunction", 0, 6, 0, 1, 7
"c:\Users\Flynn\AppData\Roaming\.minecraft\saves\Hexenwerk Dev\datapacks\Hexenwerk Datapack\data\hexenwerk\functions\spell_events\start\terrae_motus.mcfunction", "mcfunction", 0, 5, 0, 3, 8
"c:\Users\Flynn\AppData\Roaming\.minecraft\saves\Hexenwerk Dev\datapacks\Hexenwerk Datapack\data\hexenwerk\functions\spell_events\while\circulum_sanitatem.mcfunction", "mcfunction", 0, 10, 0, 4, 14
"c:\Users\Flynn\AppData\Roaming\.minecraft\saves\Hexenwerk Dev\datapacks\Hexenwerk Datapack\data\hexenwerk\functions\spell_events\while\commovus_motus.mcfunction", "mcfunction", 0, 21, 1, 4, 26
"c:\Users\Flynn\AppData\Roaming\.minecraft\saves\Hexenwerk Dev\datapacks\Hexenwerk Datapack\data\hexenwerk\functions\spell_events\while\commovus_motus\epic_fail_lol_xd_rofl.mcfunction", "mcfunction", 0, 2, 0, 1, 3
"c:\Users\Flynn\AppData\Roaming\.minecraft\saves\Hexenwerk Dev\datapacks\Hexenwerk Datapack\data\hexenwerk\functions\spell_events\while\commovus_motus\teleport.mcfunction", "mcfunction", 0, 2, 0, 1, 3
"c:\Users\Flynn\AppData\Roaming\.minecraft\saves\Hexenwerk Dev\datapacks\Hexenwerk Datapack\data\hexenwerk\functions\spell_events\while\consedo.mcfunction", "mcfunction", 0, 6, 0, 2, 8
"c:\Users\Flynn\AppData\Roaming\.minecraft\saves\Hexenwerk Dev\datapacks\Hexenwerk Datapack\data\hexenwerk\functions\spell_events\while\glacius.mcfunction", "mcfunction", 0, 1, 0, 0, 1
"c:\Users\Flynn\AppData\Roaming\.minecraft\saves\Hexenwerk Dev\datapacks\Hexenwerk Datapack\data\hexenwerk\functions\spell_events\while\ignis_temptates.mcfunction", "mcfunction", 0, 9, 1, 4, 14
"c:\Users\Flynn\AppData\Roaming\.minecraft\saves\Hexenwerk Dev\datapacks\Hexenwerk Datapack\data\hexenwerk\functions\spell_events\while\main.mcfunction", "mcfunction", 0, 6, 0, 1, 7
"c:\Users\Flynn\AppData\Roaming\.minecraft\saves\Hexenwerk Dev\datapacks\Hexenwerk Datapack\data\hexenwerk\functions\spell_events\while\terrae_motus\main.mcfunction", "mcfunction", 0, 2, 0, 1, 3
"c:\Users\Flynn\AppData\Roaming\.minecraft\saves\Hexenwerk Dev\datapacks\Hexenwerk Datapack\data\hexenwerk\functions\spell_events\while\terrae_motus\waves\first.mcfunction", "mcfunction", 0, 8, 0, 2, 10
"c:\Users\Flynn\AppData\Roaming\.minecraft\saves\Hexenwerk Dev\datapacks\Hexenwerk Datapack\data\hexenwerk\functions\spell_events\while\terrae_motus\waves\just_to_compact.mcfunction", "mcfunction", 0, 10, 0, 2, 12
"c:\Users\Flynn\AppData\Roaming\.minecraft\saves\Hexenwerk Dev\datapacks\Hexenwerk Datapack\data\hexenwerk\functions\spell_events\while\terrae_motus\waves\second.mcfunction", "mcfunction", 0, 16, 0, 2, 18
"c:\Users\Flynn\AppData\Roaming\.minecraft\saves\Hexenwerk Dev\datapacks\Hexenwerk Datapack\data\hexenwerk\functions\triggers\click_events\settings\main.mcfunction", "mcfunction", 0, 8, 0, 4, 12
"c:\Users\Flynn\AppData\Roaming\.minecraft\saves\Hexenwerk Dev\datapacks\Hexenwerk Datapack\data\hexenwerk\functions\triggers\contributors.mcfunction", "mcfunction", 0, 2, 0, 1, 3
"c:\Users\Flynn\AppData\Roaming\.minecraft\saves\Hexenwerk Dev\datapacks\Hexenwerk Datapack\data\hexenwerk\functions\triggers\main.mcfunction", "mcfunction", 0, 4, 0, 1, 5
"c:\Users\Flynn\AppData\Roaming\.minecraft\saves\Hexenwerk Dev\datapacks\Hexenwerk Datapack\data\hexenwerk\functions\triggers\patrons.mcfunction", "mcfunction", 0, 2, 0, 1, 3
"c:\Users\Flynn\AppData\Roaming\.minecraft\saves\Hexenwerk Dev\datapacks\Hexenwerk Datapack\data\hexenwerk\functions\triggers\settings.mcfunction", "mcfunction", 0, 9, 0, 3, 12
"c:\Users\Flynn\AppData\Roaming\.minecraft\saves\Hexenwerk Dev\datapacks\Hexenwerk Datapack\data\hexenwerk\functions\uninstall.mcfunction", "mcfunction", 0, 50, 0, 4, 54
"c:\Users\Flynn\AppData\Roaming\.minecraft\saves\Hexenwerk Dev\datapacks\Hexenwerk Datapack\data\hexenwerk\functions\update\wand\attunement_data.mcfunction", "mcfunction", 0, 3, 0, 0, 3
"c:\Users\Flynn\AppData\Roaming\.minecraft\saves\Hexenwerk Dev\datapacks\Hexenwerk Datapack\data\hexenwerk\functions\update\wand\main.mcfunction", "mcfunction", 0, 1, 0, 1, 2
"c:\Users\Flynn\AppData\Roaming\.minecraft\saves\Hexenwerk Dev\datapacks\Hexenwerk Datapack\data\hexenwerk\functions\utility\drop_from_mainhand.mcfunction", "mcfunction", 0, 4, 0, 1, 5
"c:\Users\Flynn\AppData\Roaming\.minecraft\saves\Hexenwerk Dev\datapacks\Hexenwerk Datapack\data\hexenwerk\functions\utility\drop_from_offhand.mcfunction", "mcfunction", 0, 4, 0, 1, 5
"c:\Users\Flynn\AppData\Roaming\.minecraft\saves\Hexenwerk Dev\datapacks\Hexenwerk Datapack\data\hexenwerk\functions\utility\grab_block.mcfunction", "mcfunction", 0, 0, 0, 1, 1
"c:\Users\Flynn\AppData\Roaming\.minecraft\saves\Hexenwerk Dev\datapacks\Hexenwerk Datapack\data\hexenwerk\functions\wand\main.mcfunction", "mcfunction", 0, 17, 0, 6, 23
"c:\Users\Flynn\AppData\Roaming\.minecraft\saves\Hexenwerk Dev\datapacks\Hexenwerk Datapack\data\hexenwerk\functions\wand\on_select.mcfunction", "mcfunction", 0, 8, 0, 2, 10
"c:\Users\Flynn\AppData\Roaming\.minecraft\saves\Hexenwerk Dev\datapacks\Hexenwerk Datapack\data\hexenwerk\functions\wand\on_unselect.mcfunction", "mcfunction", 0, 4, 0, 1, 5
"c:\Users\Flynn\AppData\Roaming\.minecraft\saves\Hexenwerk Dev\datapacks\Hexenwerk Datapack\data\hexenwerk\functions\wand\slot_1\main.mcfunction", "mcfunction", 0, 6, 2, 10, 18
"c:\Users\Flynn\AppData\Roaming\.minecraft\saves\Hexenwerk Dev\datapacks\Hexenwerk Datapack\data\hexenwerk\functions\wand\slot_1\swapto.mcfunction", "mcfunction", 0, 9, 0, 7, 16
"c:\Users\Flynn\AppData\Roaming\.minecraft\saves\Hexenwerk Dev\datapacks\Hexenwerk Datapack\data\hexenwerk\functions\wand\slot_2\main.mcfunction", "mcfunction", 0, 6, 2, 9, 17
"c:\Users\Flynn\AppData\Roaming\.minecraft\saves\Hexenwerk Dev\datapacks\Hexenwerk Datapack\data\hexenwerk\functions\wand\slot_2\swapto.mcfunction", "mcfunction", 0, 9, 0, 5, 14
"c:\Users\Flynn\AppData\Roaming\.minecraft\saves\Hexenwerk Dev\datapacks\Hexenwerk Datapack\data\hexenwerk\functions\wand\slot_3\main.mcfunction", "mcfunction", 0, 6, 2, 8, 16
"c:\Users\Flynn\AppData\Roaming\.minecraft\saves\Hexenwerk Dev\datapacks\Hexenwerk Datapack\data\hexenwerk\functions\wand\slot_3\swapto.mcfunction", "mcfunction", 0, 9, 0, 5, 14
"c:\Users\Flynn\AppData\Roaming\.minecraft\saves\Hexenwerk Dev\datapacks\Hexenwerk Datapack\data\hexenwerk\functions\wand\slot_4\main.mcfunction", "mcfunction", 0, 6, 2, 8, 16
"c:\Users\Flynn\AppData\Roaming\.minecraft\saves\Hexenwerk Dev\datapacks\Hexenwerk Datapack\data\hexenwerk\functions\wand\slot_4\swapto.mcfunction", "mcfunction", 0, 9, 0, 5, 14
"c:\Users\Flynn\AppData\Roaming\.minecraft\saves\Hexenwerk Dev\datapacks\Hexenwerk Datapack\data\hexenwerk\functions\wand\slot_5\main.mcfunction", "mcfunction", 0, 6, 2, 8, 16
"c:\Users\Flynn\AppData\Roaming\.minecraft\saves\Hexenwerk Dev\datapacks\Hexenwerk Datapack\data\hexenwerk\functions\wand\slot_5\swapto.mcfunction", "mcfunction", 0, 9, 0, 5, 14
"c:\Users\Flynn\AppData\Roaming\.minecraft\saves\Hexenwerk Dev\datapacks\Hexenwerk Datapack\data\hexenwerk\functions\wand\spells\cast.mcfunction", "mcfunction", 0, 8, 0, 4, 12
"c:\Users\Flynn\AppData\Roaming\.minecraft\saves\Hexenwerk Dev\datapacks\Hexenwerk Datapack\data\hexenwerk\functions\wand\spells\no_raycast\main.mcfunction", "mcfunction", 0, 19, 2, 5, 26
"c:\Users\Flynn\AppData\Roaming\.minecraft\saves\Hexenwerk Dev\datapacks\Hexenwerk Datapack\data\hexenwerk\functions\wand\spells\no_raycast\spells_effect\amogius.mcfunction", "mcfunction", 0, 1, 0, 2, 3
"c:\Users\Flynn\AppData\Roaming\.minecraft\saves\Hexenwerk Dev\datapacks\Hexenwerk Datapack\data\hexenwerk\functions\wand\spells\no_raycast\spells_effect\auxiliare.mcfunction", "mcfunction", 0, 4, 0, 3, 7
"c:\Users\Flynn\AppData\Roaming\.minecraft\saves\Hexenwerk Dev\datapacks\Hexenwerk Datapack\data\hexenwerk\functions\wand\spells\no_raycast\spells_effect\circulum_sanitatem.mcfunction", "mcfunction", 0, 2, 0, 3, 5
"c:\Users\Flynn\AppData\Roaming\.minecraft\saves\Hexenwerk Dev\datapacks\Hexenwerk Datapack\data\hexenwerk\functions\wand\spells\no_raycast\spells_effect\commovus.mcfunction", "mcfunction", 0, 5, 0, 5, 10
"c:\Users\Flynn\AppData\Roaming\.minecraft\saves\Hexenwerk Dev\datapacks\Hexenwerk Datapack\data\hexenwerk\functions\wand\spells\no_raycast\spells_effect\commovus_motus\init.mcfunction", "mcfunction", 0, 7, 0, 1, 8
"c:\Users\Flynn\AppData\Roaming\.minecraft\saves\Hexenwerk Dev\datapacks\Hexenwerk Datapack\data\hexenwerk\functions\wand\spells\no_raycast\spells_effect\commovus_motus\main.mcfunction", "mcfunction", 0, 2, 0, 0, 2
"c:\Users\Flynn\AppData\Roaming\.minecraft\saves\Hexenwerk Dev\datapacks\Hexenwerk Datapack\data\hexenwerk\functions\wand\spells\raycast\block_impact.mcfunction", "mcfunction", 0, 3, 0, 2, 5
"c:\Users\Flynn\AppData\Roaming\.minecraft\saves\Hexenwerk Dev\datapacks\Hexenwerk Datapack\data\hexenwerk\functions\wand\spells\raycast\block_impact_run.mcfunction", "mcfunction", 0, 11, 2, 1, 14
"c:\Users\Flynn\AppData\Roaming\.minecraft\saves\Hexenwerk Dev\datapacks\Hexenwerk Datapack\data\hexenwerk\functions\wand\spells\raycast\entity_impact.mcfunction", "mcfunction", 0, 12, 2, 3, 17
"c:\Users\Flynn\AppData\Roaming\.minecraft\saves\Hexenwerk Dev\datapacks\Hexenwerk Datapack\data\hexenwerk\functions\wand\spells\raycast\main.mcfunction", "mcfunction", 0, 21, 0, 8, 29
"c:\Users\Flynn\AppData\Roaming\.minecraft\saves\Hexenwerk Dev\datapacks\Hexenwerk Datapack\data\hexenwerk\functions\wand\spells\raycast\particle.mcfunction", "mcfunction", 0, 11, 2, 3, 16
"c:\Users\Flynn\AppData\Roaming\.minecraft\saves\Hexenwerk Dev\datapacks\Hexenwerk Datapack\data\hexenwerk\functions\wand\spells\raycast\raycast.mcfunction", "mcfunction", 0, 9, 0, 6, 15
"c:\Users\Flynn\AppData\Roaming\.minecraft\saves\Hexenwerk Dev\datapacks\Hexenwerk Datapack\data\hexenwerk\functions\wand\spells\raycast\spells_impact\block\aguamenti.mcfunction", "mcfunction", 0, 6, 0, 2, 8
"c:\Users\Flynn\AppData\Roaming\.minecraft\saves\Hexenwerk Dev\datapacks\Hexenwerk Datapack\data\hexenwerk\functions\wand\spells\raycast\spells_impact\block\ardo.mcfunction", "mcfunction", 0, 3, 0, 1, 4
"c:\Users\Flynn\AppData\Roaming\.minecraft\saves\Hexenwerk Dev\datapacks\Hexenwerk Datapack\data\hexenwerk\functions\wand\spells\raycast\spells_impact\block\attonus.mcfunction", "mcfunction", 0, 3, 0, 2, 5
"c:\Users\Flynn\AppData\Roaming\.minecraft\saves\Hexenwerk Dev\datapacks\Hexenwerk Datapack\data\hexenwerk\functions\wand\spells\raycast\spells_impact\block\consedo\init.mcfunction", "mcfunction", 0, 4, 0, 1, 5
"c:\Users\Flynn\AppData\Roaming\.minecraft\saves\Hexenwerk Dev\datapacks\Hexenwerk Datapack\data\hexenwerk\functions\wand\spells\raycast\spells_impact\block\consedo\main.mcfunction", "mcfunction", 0, 1, 0, 2, 3
"c:\Users\Flynn\AppData\Roaming\.minecraft\saves\Hexenwerk Dev\datapacks\Hexenwerk Datapack\data\hexenwerk\functions\wand\spells\raycast\spells_impact\block\iunior.mcfunction", "mcfunction", 0, 1, 0, 2, 3
"c:\Users\Flynn\AppData\Roaming\.minecraft\saves\Hexenwerk Dev\datapacks\Hexenwerk Datapack\data\hexenwerk\functions\wand\spells\raycast\spells_impact\block\wingardium_leviosa.mcfunction", "mcfunction", 0, 3, 0, 2, 5
"c:\Users\Flynn\AppData\Roaming\.minecraft\saves\Hexenwerk Dev\datapacks\Hexenwerk Datapack\data\hexenwerk\functions\wand\spells\raycast\spells_impact\commovus_motus\init.mcfunction", "mcfunction", 0, 6, 0, 0, 6
"c:\Users\Flynn\AppData\Roaming\.minecraft\saves\Hexenwerk Dev\datapacks\Hexenwerk Datapack\data\hexenwerk\functions\wand\spells\raycast\spells_impact\commovus_motus\main.mcfunction", "mcfunction", 0, 1, 0, 0, 1
"c:\Users\Flynn\AppData\Roaming\.minecraft\saves\Hexenwerk Dev\datapacks\Hexenwerk Datapack\data\hexenwerk\functions\wand\spells\raycast\spells_impact\entity\aguamenti.mcfunction", "mcfunction", 0, 4, 0, 2, 6
"c:\Users\Flynn\AppData\Roaming\.minecraft\saves\Hexenwerk Dev\datapacks\Hexenwerk Datapack\data\hexenwerk\functions\wand\spells\raycast\spells_impact\entity\ardo.mcfunction", "mcfunction", 0, 3, 0, 4, 7
"c:\Users\Flynn\AppData\Roaming\.minecraft\saves\Hexenwerk Dev\datapacks\Hexenwerk Datapack\data\hexenwerk\functions\wand\spells\raycast\spells_impact\entity\attonus.mcfunction", "mcfunction", 0, 3, 0, 2, 5
"c:\Users\Flynn\AppData\Roaming\.minecraft\saves\Hexenwerk Dev\datapacks\Hexenwerk Datapack\data\hexenwerk\functions\wand\spells\raycast\spells_impact\entity\consedo.mcfunction", "mcfunction", 0, 2, 0, 2, 4
"c:\Users\Flynn\AppData\Roaming\.minecraft\saves\Hexenwerk Dev\datapacks\Hexenwerk Datapack\data\hexenwerk\functions\wand\spells\raycast\spells_impact\entity\iunior.mcfunction", "mcfunction", 0, 6, 0, 3, 9
"c:\Users\Flynn\AppData\Roaming\.minecraft\saves\Hexenwerk Dev\datapacks\Hexenwerk Datapack\data\hexenwerk\functions\wand\spells\raycast\spells_impact\entity\wingardium_leviosa.mcfunction", "mcfunction", 0, 2, 0, 3, 5
"c:\Users\Flynn\AppData\Roaming\.minecraft\saves\Hexenwerk Dev\datapacks\Hexenwerk Datapack\data\hexenwerk\functions\wand\spells\raycast\spells_impact\glacius\init.mcfunction", "mcfunction", 0, 5, 0, 1, 6
"c:\Users\Flynn\AppData\Roaming\.minecraft\saves\Hexenwerk Dev\datapacks\Hexenwerk Datapack\data\hexenwerk\functions\wand\spells\raycast\spells_impact\glacius\main.mcfunction", "mcfunction", 0, 3, 0, 1, 4
"c:\Users\Flynn\AppData\Roaming\.minecraft\saves\Hexenwerk Dev\datapacks\Hexenwerk Datapack\data\hexenwerk\functions\wand\spells\raycast\spells_impact\ignis_temptates.mcfunction", "mcfunction", 0, 3, 0, 0, 3
"c:\Users\Flynn\AppData\Roaming\.minecraft\saves\Hexenwerk Dev\datapacks\Hexenwerk Datapack\data\hexenwerk\functions\wand\spells\raycast\spells_impact\terrae_motus\init.mcfunction", "mcfunction", 0, 5, 0, 0, 5
"c:\Users\Flynn\AppData\Roaming\.minecraft\saves\Hexenwerk Dev\datapacks\Hexenwerk Datapack\data\hexenwerk\functions\wand\spells\raycast\spells_impact\terrae_motus\main.mcfunction", "mcfunction", 0, 3, 0, 1, 4
"c:\Users\Flynn\AppData\Roaming\.minecraft\saves\Hexenwerk Dev\datapacks\Hexenwerk Datapack\data\hexenwerk\functions\wand\spells\raycast\spells_impact\utility\find_ground.mcfunction", "mcfunction", 0, 2, 0, 0, 2
"c:\Users\Flynn\AppData\Roaming\.minecraft\saves\Hexenwerk Dev\datapacks\Hexenwerk Datapack\data\hexenwerk\functions\wand\swapslot.mcfunction", "mcfunction", 0, 8, 0, 3, 11
"c:\Users\Flynn\AppData\Roaming\.minecraft\saves\Hexenwerk Dev\datapacks\Hexenwerk Datapack\data\hexenwerk\functions\wand\swapslot_offhand.mcfunction", "mcfunction", 0, 5, 0, 5, 10
"c:\Users\Flynn\AppData\Roaming\.minecraft\saves\Hexenwerk Dev\datapacks\Hexenwerk Datapack\data\hexenwerk\functions\wand\use.mcfunction", "mcfunction", 0, 9, 0, 3, 12
"c:\Users\Flynn\AppData\Roaming\.minecraft\saves\Hexenwerk Dev\datapacks\Hexenwerk Datapack\data\hexenwerk\item_modifiers\attunements\wand\slots.json", "JSON", 15, 0, 0, 1, 16
"c:\Users\Flynn\AppData\Roaming\.minecraft\saves\Hexenwerk Dev\datapacks\Hexenwerk Datapack\data\hexenwerk\item_modifiers\attunements\wand\slots\fifth.json", "JSON", 14, 0, 0, 1, 15
"c:\Users\Flynn\AppData\Roaming\.minecraft\saves\Hexenwerk Dev\datapacks\Hexenwerk Datapack\data\hexenwerk\item_modifiers\attunements\wand\slots\first.json", "JSON", 14, 0, 0, 1, 15
"c:\Users\Flynn\AppData\Roaming\.minecraft\saves\Hexenwerk Dev\datapacks\Hexenwerk Datapack\data\hexenwerk\item_modifiers\attunements\wand\slots\fourth.json", "JSON", 14, 0, 0, 1, 15
"c:\Users\Flynn\AppData\Roaming\.minecraft\saves\Hexenwerk Dev\datapacks\Hexenwerk Datapack\data\hexenwerk\item_modifiers\attunements\wand\slots\second.json", "JSON", 14, 0, 0, 1, 15
"c:\Users\Flynn\AppData\Roaming\.minecraft\saves\Hexenwerk Dev\datapacks\Hexenwerk Datapack\data\hexenwerk\item_modifiers\attunements\wand\slots\third.json", "JSON", 14, 0, 0, 1, 15
"c:\Users\Flynn\AppData\Roaming\.minecraft\saves\Hexenwerk Dev\datapacks\Hexenwerk Datapack\data\hexenwerk\item_modifiers\dev_stone\storage_to_wand.json", "JSON", 16, 0, 0, 1, 17
"c:\Users\Flynn\AppData\Roaming\.minecraft\saves\Hexenwerk Dev\datapacks\Hexenwerk Datapack\data\hexenwerk\item_modifiers\dev_stone\to_deactivated.json", "JSON", 6, 0, 0, 1, 7
"c:\Users\Flynn\AppData\Roaming\.minecraft\saves\Hexenwerk Dev\datapacks\Hexenwerk Datapack\data\hexenwerk\item_modifiers\dev_stone\to_debug.json", "JSON", 6, 0, 0, 1, 7
"c:\Users\Flynn\AppData\Roaming\.minecraft\saves\Hexenwerk Dev\datapacks\Hexenwerk Datapack\data\hexenwerk\item_modifiers\dev_stone\to_dev.json", "JSON", 6, 0, 0, 1, 7
"c:\Users\Flynn\AppData\Roaming\.minecraft\saves\Hexenwerk Dev\datapacks\Hexenwerk Datapack\data\hexenwerk\item_modifiers\remove_crafting_output_tag.json", "JSON", 6, 0, 0, 1, 7
"c:\Users\Flynn\AppData\Roaming\.minecraft\saves\Hexenwerk Dev\datapacks\Hexenwerk Datapack\data\hexenwerk\item_modifiers\swap_wand_slot\fifth.json", "JSON", 6, 0, 0, 1, 7
"c:\Users\Flynn\AppData\Roaming\.minecraft\saves\Hexenwerk Dev\datapacks\Hexenwerk Datapack\data\hexenwerk\item_modifiers\swap_wand_slot\first.json", "JSON", 6, 0, 0, 1, 7
"c:\Users\Flynn\AppData\Roaming\.minecraft\saves\Hexenwerk Dev\datapacks\Hexenwerk Datapack\data\hexenwerk\item_modifiers\swap_wand_slot\fourth.json", "JSON", 6, 0, 0, 1, 7
"c:\Users\Flynn\AppData\Roaming\.minecraft\saves\Hexenwerk Dev\datapacks\Hexenwerk Datapack\data\hexenwerk\item_modifiers\swap_wand_slot\second.json", "JSON", 6, 0, 0, 1, 7
"c:\Users\Flynn\AppData\Roaming\.minecraft\saves\Hexenwerk Dev\datapacks\Hexenwerk Datapack\data\hexenwerk\item_modifiers\swap_wand_slot\third.json", "JSON", 6, 0, 0, 1, 7
"c:\Users\Flynn\AppData\Roaming\.minecraft\saves\Hexenwerk Dev\datapacks\Hexenwerk Datapack\data\hexenwerk\item_modifiers\update\wand\attunement.json", "JSON", 6, 0, 0, 1, 7
"c:\Users\Flynn\AppData\Roaming\.minecraft\saves\Hexenwerk Dev\datapacks\Hexenwerk Datapack\data\hexenwerk\loot_tables\blocks\dev_desk.json", "JSON", 19, 0, 0, 1, 20
"c:\Users\Flynn\AppData\Roaming\.minecraft\saves\Hexenwerk Dev\datapacks\Hexenwerk Datapack\data\hexenwerk\loot_tables\blocks\magical_crafting_table.json", "JSON", 19, 0, 0, 1, 20
"c:\Users\Flynn\AppData\Roaming\.minecraft\saves\Hexenwerk Dev\datapacks\Hexenwerk Datapack\data\hexenwerk\loot_tables\blocks\magical_flower.json", "JSON", 19, 0, 0, 1, 20
"c:\Users\Flynn\AppData\Roaming\.minecraft\saves\Hexenwerk Dev\datapacks\Hexenwerk Datapack\data\hexenwerk\loot_tables\blocks\spell_blocker.json", "JSON", 19, 0, 0, 1, 20
"c:\Users\Flynn\AppData\Roaming\.minecraft\saves\Hexenwerk Dev\datapacks\Hexenwerk Datapack\data\hexenwerk\loot_tables\items\amulet.json", "JSON", 19, 0, 0, 0, 19
"c:\Users\Flynn\AppData\Roaming\.minecraft\saves\Hexenwerk Dev\datapacks\Hexenwerk Datapack\data\hexenwerk\loot_tables\items\attunement_shards\conservation.json", "JSON", 19, 0, 0, 1, 20
"c:\Users\Flynn\AppData\Roaming\.minecraft\saves\Hexenwerk Dev\datapacks\Hexenwerk Datapack\data\hexenwerk\loot_tables\items\attunement_shards\expansion.json", "JSON", 19, 0, 0, 1, 20
"c:\Users\Flynn\AppData\Roaming\.minecraft\saves\Hexenwerk Dev\datapacks\Hexenwerk Datapack\data\hexenwerk\loot_tables\items\attunement_shards\farsight.json", "JSON", 19, 0, 0, 1, 20
"c:\Users\Flynn\AppData\Roaming\.minecraft\saves\Hexenwerk Dev\datapacks\Hexenwerk Datapack\data\hexenwerk\loot_tables\items\attunement_shards\overflow.json", "JSON", 19, 0, 0, 1, 20
"c:\Users\Flynn\AppData\Roaming\.minecraft\saves\Hexenwerk Dev\datapacks\Hexenwerk Datapack\data\hexenwerk\loot_tables\items\attunement_shards\refill.json", "JSON", 19, 0, 0, 1, 20
"c:\Users\Flynn\AppData\Roaming\.minecraft\saves\Hexenwerk Dev\datapacks\Hexenwerk Datapack\data\hexenwerk\loot_tables\items\blaze_core.json", "JSON", 21, 0, 0, 1, 22
"c:\Users\Flynn\AppData\Roaming\.minecraft\saves\Hexenwerk Dev\datapacks\Hexenwerk Datapack\data\hexenwerk\loot_tables\items\dev_stone.json", "JSON", 19, 0, 0, 1, 20
"c:\Users\Flynn\AppData\Roaming\.minecraft\saves\Hexenwerk Dev\datapacks\Hexenwerk Datapack\data\hexenwerk\loot_tables\items\ender_core.json", "JSON", 21, 0, 0, 1, 22
"c:\Users\Flynn\AppData\Roaming\.minecraft\saves\Hexenwerk Dev\datapacks\Hexenwerk Datapack\data\hexenwerk\loot_tables\items\explosive_core.json", "JSON", 21, 0, 0, 1, 22
"c:\Users\Flynn\AppData\Roaming\.minecraft\saves\Hexenwerk Dev\datapacks\Hexenwerk Datapack\data\hexenwerk\loot_tables\items\frozen_core.json", "JSON", 21, 0, 0, 1, 22
"c:\Users\Flynn\AppData\Roaming\.minecraft\saves\Hexenwerk Dev\datapacks\Hexenwerk Datapack\data\hexenwerk\loot_tables\items\magical_crystal.json", "JSON", 19, 0, 0, 1, 20
"c:\Users\Flynn\AppData\Roaming\.minecraft\saves\Hexenwerk Dev\datapacks\Hexenwerk Datapack\data\hexenwerk\loot_tables\items\magical_shard.json", "JSON", 22, 0, 0, 1, 23
"c:\Users\Flynn\AppData\Roaming\.minecraft\saves\Hexenwerk Dev\datapacks\Hexenwerk Datapack\data\hexenwerk\loot_tables\items\spell_books\aguamenti.json", "JSON", 19, 0, 0, 0, 19
"c:\Users\Flynn\AppData\Roaming\.minecraft\saves\Hexenwerk Dev\datapacks\Hexenwerk Datapack\data\hexenwerk\loot_tables\items\spell_books\amogius.json", "JSON", 19, 0, 0, 1, 20
"c:\Users\Flynn\AppData\Roaming\.minecraft\saves\Hexenwerk Dev\datapacks\Hexenwerk Datapack\data\hexenwerk\loot_tables\items\spell_books\ardo.json", "JSON", 19, 0, 0, 1, 20
"c:\Users\Flynn\AppData\Roaming\.minecraft\saves\Hexenwerk Dev\datapacks\Hexenwerk Datapack\data\hexenwerk\loot_tables\items\spell_books\attonus.json", "JSON", 19, 0, 0, 1, 20
"c:\Users\Flynn\AppData\Roaming\.minecraft\saves\Hexenwerk Dev\datapacks\Hexenwerk Datapack\data\hexenwerk\loot_tables\items\spell_books\auxiliare.json", "JSON", 19, 0, 0, 1, 20
"c:\Users\Flynn\AppData\Roaming\.minecraft\saves\Hexenwerk Dev\datapacks\Hexenwerk Datapack\data\hexenwerk\loot_tables\items\spell_books\circulum_sanitatem.json", "JSON", 19, 0, 0, 1, 20
"c:\Users\Flynn\AppData\Roaming\.minecraft\saves\Hexenwerk Dev\datapacks\Hexenwerk Datapack\data\hexenwerk\loot_tables\items\spell_books\commovus.json", "JSON", 19, 0, 0, 1, 20
"c:\Users\Flynn\AppData\Roaming\.minecraft\saves\Hexenwerk Dev\datapacks\Hexenwerk Datapack\data\hexenwerk\loot_tables\items\spell_books\commovus_motus.json", "JSON", 19, 0, 0, 0, 19
"c:\Users\Flynn\AppData\Roaming\.minecraft\saves\Hexenwerk Dev\datapacks\Hexenwerk Datapack\data\hexenwerk\loot_tables\items\spell_books\consedo.json", "JSON", 19, 0, 0, 1, 20
"c:\Users\Flynn\AppData\Roaming\.minecraft\saves\Hexenwerk Dev\datapacks\Hexenwerk Datapack\data\hexenwerk\loot_tables\items\spell_books\generic.json", "JSON", 19, 0, 0, 0, 19
"c:\Users\Flynn\AppData\Roaming\.minecraft\saves\Hexenwerk Dev\datapacks\Hexenwerk Datapack\data\hexenwerk\loot_tables\items\spell_books\glacius.json", "JSON", 19, 0, 0, 0, 19
"c:\Users\Flynn\AppData\Roaming\.minecraft\saves\Hexenwerk Dev\datapacks\Hexenwerk Datapack\data\hexenwerk\loot_tables\items\spell_books\ignis_temptates.json", "JSON", 19, 0, 0, 0, 19
"c:\Users\Flynn\AppData\Roaming\.minecraft\saves\Hexenwerk Dev\datapacks\Hexenwerk Datapack\data\hexenwerk\loot_tables\items\spell_books\iunior.json", "JSON", 19, 0, 0, 0, 19
"c:\Users\Flynn\AppData\Roaming\.minecraft\saves\Hexenwerk Dev\datapacks\Hexenwerk Datapack\data\hexenwerk\loot_tables\items\spell_books\terrae_motus.json", "JSON", 19, 0, 0, 1, 20
"c:\Users\Flynn\AppData\Roaming\.minecraft\saves\Hexenwerk Dev\datapacks\Hexenwerk Datapack\data\hexenwerk\loot_tables\items\spell_books\wingardium_leviosa.json", "JSON", 19, 0, 0, 1, 20
"c:\Users\Flynn\AppData\Roaming\.minecraft\saves\Hexenwerk Dev\datapacks\Hexenwerk Datapack\data\hexenwerk\loot_tables\items\stones\fire.json", "JSON", 1, 0, 0, 0, 1
"c:\Users\Flynn\AppData\Roaming\.minecraft\saves\Hexenwerk Dev\datapacks\Hexenwerk Datapack\data\hexenwerk\loot_tables\items\stones\generic.json", "JSON", 19, 0, 0, 1, 20
"c:\Users\Flynn\AppData\Roaming\.minecraft\saves\Hexenwerk Dev\datapacks\Hexenwerk Datapack\data\hexenwerk\loot_tables\items\stones\mana.json", "JSON", 1, 0, 0, 0, 1
"c:\Users\Flynn\AppData\Roaming\.minecraft\saves\Hexenwerk Dev\datapacks\Hexenwerk Datapack\data\hexenwerk\loot_tables\items\stones\mystery.json", "JSON", 1, 0, 0, 0, 1
"c:\Users\Flynn\AppData\Roaming\.minecraft\saves\Hexenwerk Dev\datapacks\Hexenwerk Datapack\data\hexenwerk\loot_tables\items\stones\nature.json", "JSON", 1, 0, 0, 0, 1
"c:\Users\Flynn\AppData\Roaming\.minecraft\saves\Hexenwerk Dev\datapacks\Hexenwerk Datapack\data\hexenwerk\loot_tables\items\stones\water.json", "JSON", 1, 0, 0, 0, 1
"c:\Users\Flynn\AppData\Roaming\.minecraft\saves\Hexenwerk Dev\datapacks\Hexenwerk Datapack\data\hexenwerk\loot_tables\items\wand.json", "JSON", 18, 0, 0, 1, 19
"c:\Users\Flynn\AppData\Roaming\.minecraft\saves\Hexenwerk Dev\datapacks\Hexenwerk Datapack\data\hexenwerk\loot_tables\items\wand_2.json", "JSON", 18, 0, 0, 1, 19
"c:\Users\Flynn\AppData\Roaming\.minecraft\saves\Hexenwerk Dev\datapacks\Hexenwerk Datapack\data\hexenwerk\predicates\armor\armor_modifiers\chest.json", "JSON", 11, 0, 0, 1, 12
"c:\Users\Flynn\AppData\Roaming\.minecraft\saves\Hexenwerk Dev\datapacks\Hexenwerk Datapack\data\hexenwerk\predicates\armor\armor_modifiers\feet.json", "JSON", 11, 0, 0, 1, 12
"c:\Users\Flynn\AppData\Roaming\.minecraft\saves\Hexenwerk Dev\datapacks\Hexenwerk Datapack\data\hexenwerk\predicates\armor\armor_modifiers\head.json", "JSON", 11, 0, 0, 1, 12
"c:\Users\Flynn\AppData\Roaming\.minecraft\saves\Hexenwerk Dev\datapacks\Hexenwerk Datapack\data\hexenwerk\predicates\armor\armor_modifiers\legs.json", "JSON", 11, 0, 0, 1, 12
"c:\Users\Flynn\AppData\Roaming\.minecraft\saves\Hexenwerk Dev\datapacks\Hexenwerk Datapack\data\hexenwerk\predicates\display\normal.json", "JSON", 39, 0, 0, 1, 40
"c:\Users\Flynn\AppData\Roaming\.minecraft\saves\Hexenwerk Dev\datapacks\Hexenwerk Datapack\data\hexenwerk\predicates\display\water.json", "JSON", 47, 0, 0, 1, 48
"c:\Users\Flynn\AppData\Roaming\.minecraft\saves\Hexenwerk Dev\datapacks\Hexenwerk Datapack\data\hexenwerk\predicates\flags\has_regen.json", "JSON", 10, 0, 0, 1, 11
"c:\Users\Flynn\AppData\Roaming\.minecraft\saves\Hexenwerk Dev\datapacks\Hexenwerk Datapack\data\hexenwerk\predicates\flags\is_in_nether.json", "JSON", 9, 0, 0, 1, 10
"c:\Users\Flynn\AppData\Roaming\.minecraft\saves\Hexenwerk Dev\datapacks\Hexenwerk Datapack\data\hexenwerk\predicates\flags\is_sneaking.json", "JSON", 9, 0, 0, 1, 10
"c:\Users\Flynn\AppData\Roaming\.minecraft\saves\Hexenwerk Dev\datapacks\Hexenwerk Datapack\data\hexenwerk\predicates\holding\dev_stone.json", "JSON", 11, 0, 0, 1, 12
"c:\Users\Flynn\AppData\Roaming\.minecraft\saves\Hexenwerk Dev\datapacks\Hexenwerk Datapack\data\hexenwerk\predicates\holding\dev_stone_deactivated.json", "JSON", 11, 0, 0, 1, 12
"c:\Users\Flynn\AppData\Roaming\.minecraft\saves\Hexenwerk Dev\datapacks\Hexenwerk Datapack\data\hexenwerk\predicates\holding\dev_stone_debug.json", "JSON", 11, 0, 0, 1, 12
"c:\Users\Flynn\AppData\Roaming\.minecraft\saves\Hexenwerk Dev\datapacks\Hexenwerk Datapack\data\hexenwerk\predicates\holding\dev_stone_dev.json", "JSON", 11, 0, 0, 1, 12
"c:\Users\Flynn\AppData\Roaming\.minecraft\saves\Hexenwerk Dev\datapacks\Hexenwerk Datapack\data\hexenwerk\predicates\holding\slot_attuned_wand.json", "JSON", 14, 0, 0, 1, 15
"c:\Users\Flynn\AppData\Roaming\.minecraft\saves\Hexenwerk Dev\datapacks\Hexenwerk Datapack\data\hexenwerk\predicates\holding\spell_blocker.json", "JSON", 11, 0, 0, 1, 12
"c:\Users\Flynn\AppData\Roaming\.minecraft\saves\Hexenwerk Dev\datapacks\Hexenwerk Datapack\data\hexenwerk\predicates\holding\wand.json", "JSON", 14, 0, 0, 1, 15
"c:\Users\Flynn\AppData\Roaming\.minecraft\saves\Hexenwerk Dev\datapacks\Hexenwerk Datapack\data\hexenwerk\predicates\holding\wand_offhand.json", "JSON", 14, 0, 0, 1, 15
"c:\Users\Flynn\AppData\Roaming\.minecraft\saves\Hexenwerk Dev\datapacks\Hexenwerk Datapack\data\hexenwerk\predicates\percent\1.json", "JSON", 4, 0, 0, 1, 5
"c:\Users\Flynn\AppData\Roaming\.minecraft\saves\Hexenwerk Dev\datapacks\Hexenwerk Datapack\data\hexenwerk\predicates\percent\20.json", "JSON", 4, 0, 0, 1, 5
"c:\Users\Flynn\AppData\Roaming\.minecraft\saves\Hexenwerk Dev\datapacks\Hexenwerk Datapack\data\hexenwerk\predicates\percent\5.json", "JSON", 4, 0, 0, 1, 5
"c:\Users\Flynn\AppData\Roaming\.minecraft\saves\Hexenwerk Dev\datapacks\Hexenwerk Datapack\data\hexenwerk\predicates\percent\75.json", "JSON", 4, 0, 0, 1, 5
"c:\Users\Flynn\AppData\Roaming\.minecraft\saves\Hexenwerk Dev\datapacks\Hexenwerk Datapack\data\hexenwerk\recipes\magical_crafting_table.json", "JSON", 20, 0, 0, 2, 22
"c:\Users\Flynn\AppData\Roaming\.minecraft\saves\Hexenwerk Dev\datapacks\Hexenwerk Datapack\data\hexenwerk\recipes\magical_crystal.json", "JSON", 17, 0, 0, 2, 19
"c:\Users\Flynn\AppData\Roaming\.minecraft\saves\Hexenwerk Dev\datapacks\Hexenwerk Datapack\data\hexenwerk\recipes\wand.json", "JSON", 20, 0, 0, 2, 22
"c:\Users\Flynn\AppData\Roaming\.minecraft\saves\Hexenwerk Dev\datapacks\Hexenwerk Datapack\data\hexenwerk\tags\biomes\has_magical_flower.json", "JSON", 32, 0, 0, 0, 32
"c:\Users\Flynn\AppData\Roaming\.minecraft\saves\Hexenwerk Dev\datapacks\Hexenwerk Datapack\data\hexenwerk\tags\blocks\air.json", "JSON", 8, 0, 0, 0, 8
"c:\Users\Flynn\AppData\Roaming\.minecraft\saves\Hexenwerk Dev\datapacks\Hexenwerk Datapack\data\hexenwerk\tags\blocks\transparent.json", "JSON", 110, 0, 0, 0, 110
"c:\Users\Flynn\AppData\Roaming\.minecraft\saves\Hexenwerk Dev\datapacks\Hexenwerk Datapack\data\hexenwerk\tags\blocks\unmovable.json", "JSON", 29, 0, 0, 0, 29
"c:\Users\Flynn\AppData\Roaming\.minecraft\saves\Hexenwerk Dev\datapacks\Hexenwerk Datapack\data\hexenwerk\tags\entity_types\custom_block.json", "JSON", 7, 0, 0, 0, 7
"c:\Users\Flynn\AppData\Roaming\.minecraft\saves\Hexenwerk Dev\datapacks\Hexenwerk Datapack\data\hexenwerk\tags\entity_types\display_entity.json", "JSON", 8, 0, 0, 0, 8
"c:\Users\Flynn\AppData\Roaming\.minecraft\saves\Hexenwerk Dev\datapacks\Hexenwerk Datapack\data\hexenwerk\tags\entity_types\mob.json", "JSON", 69, 0, 0, 0, 69
"c:\Users\Flynn\AppData\Roaming\.minecraft\saves\Hexenwerk Dev\datapacks\Hexenwerk Datapack\data\hexenwerk\tags\entity_types\mobpulsplus.json", "JSON", 71, 0, 0, 0, 71
"c:\Users\Flynn\AppData\Roaming\.minecraft\saves\Hexenwerk Dev\datapacks\Hexenwerk Datapack\data\hexenwerk\tags\entity_types\undead.json", "JSON", 49, 0, 0, 1, 50
"c:\Users\Flynn\AppData\Roaming\.minecraft\saves\Hexenwerk Dev\datapacks\Hexenwerk Datapack\data\hexenwerk\tags\items\clear.json", "JSON", 9, 0, 0, 0, 9
"c:\Users\Flynn\AppData\Roaming\.minecraft\saves\Hexenwerk Dev\datapacks\Hexenwerk Datapack\data\hexenwerk\worldgen\structure\magical_flower_patch.json", "JSON", 15, 0, 0, 1, 16
"c:\Users\Flynn\AppData\Roaming\.minecraft\saves\Hexenwerk Dev\datapacks\Hexenwerk Datapack\data\hexenwerk\worldgen\structure_set\magical_flower_patch.json", "JSON", 14, 0, 0, 0, 14
"c:\Users\Flynn\AppData\Roaming\.minecraft\saves\Hexenwerk Dev\datapacks\Hexenwerk Datapack\data\hexenwerk\worldgen\template_pool\magical_flower_patch_flower.json", "JSON", 22, 0, 0, 1, 23
"c:\Users\Flynn\AppData\Roaming\.minecraft\saves\Hexenwerk Dev\datapacks\Hexenwerk Datapack\data\hexenwerk\worldgen\template_pool\magical_flower_patch_plate.json", "JSON", 15, 0, 0, 1, 16
"c:\Users\Flynn\AppData\Roaming\.minecraft\saves\Hexenwerk Dev\datapacks\Hexenwerk Datapack\data\minecraft\loot_tables\blocks\budding_amethyst.json", "JSON", 23, 0, 0, 1, 24
"c:\Users\Flynn\AppData\Roaming\.minecraft\saves\Hexenwerk Dev\datapacks\Hexenwerk Datapack\data\minecraft\loot_tables\chests\buried_treasure.json", "JSON", 216, 0, 0, 1, 217
"c:\Users\Flynn\AppData\Roaming\.minecraft\saves\Hexenwerk Dev\datapacks\Hexenwerk Datapack\data\minecraft\loot_tables\chests\desert_pyramid.json", "JSON", 268, 0, 0, 1, 269
"c:\Users\Flynn\AppData\Roaming\.minecraft\saves\Hexenwerk Dev\datapacks\Hexenwerk Datapack\data\minecraft\loot_tables\chests\nether_bridge.json", "JSON", 141, 0, 0, 1, 142
"c:\Users\Flynn\AppData\Roaming\.minecraft\saves\Hexenwerk Dev\datapacks\Hexenwerk Datapack\data\minecraft\loot_tables\chests\shipwreck_treasure.json", "JSON", 142, 0, 0, 1, 143
"c:\Users\Flynn\AppData\Roaming\.minecraft\saves\Hexenwerk Dev\datapacks\Hexenwerk Datapack\data\minecraft\loot_tables\entities\blaze.json", "JSON", 59, 0, 0, 1, 60
"c:\Users\Flynn\AppData\Roaming\.minecraft\saves\Hexenwerk Dev\datapacks\Hexenwerk Datapack\data\minecraft\loot_tables\entities\enderman.json", "JSON", 54, 0, 0, 1, 55
"c:\Users\Flynn\AppData\Roaming\.minecraft\saves\Hexenwerk Dev\datapacks\Hexenwerk Datapack\data\minecraft\tags\damage_type\bypasses_cooldown.json", "JSON", 7, 0, 0, 0, 7
"c:\Users\Flynn\AppData\Roaming\.minecraft\saves\Hexenwerk Dev\datapacks\Hexenwerk Datapack\data\minecraft\tags\functions\load.json", "JSON", 3, 0, 0, 0, 3
"c:\Users\Flynn\AppData\Roaming\.minecraft\saves\Hexenwerk Dev\datapacks\Hexenwerk Datapack\data\minecraft\tags\functions\tick.json", "JSON", 3, 0, 0, 0, 3
"c:\Users\Flynn\AppData\Roaming\.minecraft\saves\Hexenwerk Dev\datapacks\Hexenwerk Datapack\pack.mcmeta", "JSON", 21, 0, 0, 0, 21
"Total", "-", 2830, 1681, 59, 585, 5155