{
    "pools": [
      {
        "rolls": 1,
        "entries": [
          {
            "type": "minecraft:item",
            "name": "minecraft:book",
            "functions": [
              {
                "function": "minecraft:set_nbt",
                "tag": "{display:{Name:'{\"translate\":\"item.hexenwerk.spellbook\",\"color\":\"#62DEDE\",\"italic\":false}',Lore:['{\"text\":\"Wingardium Leviosa\",\"color\":\"gray\",\"italic\":false}']},CustomModelData:1727,hexenwerk-spellbook:1b,  hexenwerk-contained_spell:1002,hexenwerk-mana_cost: 30,hexenwerk-chat_display:'{\"text\":\"Wingardium Leviosa\",\"color\":\"#62DEDE\"}', hexenwerk-lore_display:'{\"text\":\"\u2022 Wingardium Leviosa\",\"color\":\"gray\",\"italic\":false}',hexenwerk-spell_display:'{\"text\":\"\uE504\",\"color\":\"#FF0000\",\"italic\":false}'}"
              }
            ]
          }
        ]
      }
    ]
  }
  