{
    "pools": [
      {
        "rolls": 1,
        "entries": [
          {
            "type": "minecraft:item",
            "name": "minecraft:glow_item_frame",
            "functions": [
              {
                "function": "minecraft:set_nbt",
                "tag": "{display:{Name:'{\"translate\":\"item.hexenwerk.magical_flower\",\"color\":\"#62DEDE\",\"italic\":false}',Lore:['{\"translate\":\"lore.hexenwerk.magical_flower\",\"color\":\"gray\",\"italic\":true}']},CustomModelData:1725,hexenwerk-magical_flower:1b,EntityTag:{Tags:[\"hexenwerk.place\",\"hexenwerk.place.magical_flower\"],Invisible:1b,Item:{id:\"minecraft:glow_item_frame\",Count:1b,tag:{CustomModelData:1725}}}}"
              }
            ]
          }
        ]
      }
    ]
  }
  