{
    "pools": [
      {
        "rolls": 1,
        "entries": [
          {
            "type": "minecraft:item",
            "name": "minecraft:book",
            "functions": [
              {
                "function": "minecraft:set_nbt",
                "tag": "{display:{Name:'{\"translate\":\"item.hexenwerk.spellbook\",\"color\":\"#62DEDE\",\"italic\":false}',Lore:['{\"translate\":\"text.hexenwerk.spell_none\",\"color\":\"gray\",\"italic\":false}']},CustomModelData:1725,hexenwerk-spellbook:1b,   hexenwerk-contained_spell:-1,hexenwerk-mana_cost: 0,hexenwerk-chat_display:'{\"text\":\"None\",\"color\":\"gray\"}', hexenwerk-lore_display:'{\"text\":\"\u2022 None\",\"color\":\"gray\",\"italic\":false}',hexenwerk-spell_display:'{\"text\":\"\uE501\",\"color\":\"#FF0000\",\"italic\":false}'}"
              }
            ]
          }
        ]
      }
    ]
  }