{
    "pools": [
      {
        "rolls": 1,
        "entries": [
          {
            "type": "minecraft:item",
            "name": "minecraft:book",
            "functions": [
              {
                "function": "minecraft:set_nbt",
                "tag": "{display:{Name:'{\"translate\":\"item.hexenwerk.spellbook\",\"color\":\"#62DEDE\",\"italic\":false}',Lore:['{\"text\":\"Auxiliare\",\"color\":\"gray\",\"italic\":false}']},CustomModelData:1728,hexenwerk-spellbook:1b, hexenwerk-contained_spell:1,hexenwerk-mana_cost: 15, hexenwerk-chat_display:'{\"text\":\"Auxiliare\",\"color\":\"#62DEDE\"}', hexenwerk-lore_display:'{\"text\":\"\u2022 Auxiliare\",\"color\":\"gray\",\"italic\":false}',hexenwerk-spell_display:'{\"text\":\"\uE505\",\"color\":\"#FF0000\",\"italic\":false}'}"
              }
            ]
          }
        ]
      }
    ]
  }
  