{
    "pools": [
      {
        "rolls": 1,
        "entries": [
          {
            "type": "minecraft:item",
            "name": "minecraft:warped_fungus_on_a_stick",
            "functions": [
              {
                "function": "minecraft:set_nbt",
                "tag": "{display:{Name:'{\"translate\":\"item.hexenwerk.wand\",\"color\":\"#62DEDE\",\"italic\":false}',Lore:['[{\"text\":\"• \",\"color\":\"gray\",\"italic\":\"false\"},{\"translate\":\"text.hexenwerk.spell_none\",\"color\":\"gray\",\"italic\":false}]','[{\"text\":\"\"},[{\"text\":\"• \",\"color\":\"gray\",\"italic\":\"false\"},{\"translate\":\"text.hexenwerk.spell_none\",\"color\":\"gray\",\"italic\":false}]]','[[{\"text\":\"• \",\"color\":\"gray\",\"italic\":\"false\"},{\"translate\":\"text.hexenwerk.spell_none\",\"color\":\"gray\",\"italic\":false}]]']},HideFlags:4,Unbreakable:1b,CustomModelData:1725,hexenwerk-attuned:0b,hexenwerk-spells:[0,0,0,0,0],hexenwerk-mana_cost:[-1,-1,-1,-1,-1],hexenwerk-attunements:{mana_regen_modifier:0,range_modifier:0,mana_cost_modifier:0,spellslot_modifier:0b,mana_max_modifier:0},hexenwerk-selected_wand_slot:1,hexenwerk-wand:1b,hexenwerk-spellbook_cmd:[0,0,0,0,0],hexenwerk-spell_chat_display:['empty','empty','empty','empty','empty'],hexenwerk-spellbook_lore:['empty','empty','empty','empty','empty'],hexenwerk-spell_display:['{\"text\":\"\uE501\",\"color\":\"#FF0000\",\"italic\":false}','{\"text\":\"\uE501\",\"color\":\"#FF0000\",\"italic\":false}','{\"text\":\"\uE501\",\"color\":\"#FF0000\",\"italic\":false}','{\"text\":\"\uE501\",\"color\":\"#FF0000\",\"italic\":false}','{\"text\":\"\uE501\",\"color\":\"#FF0000\",\"italic\":false}']}"}
            ]
          }
        ]
      }
    ]
  }
  