{"file:///c%3A/Users/Flynn/AppData/Roaming/.minecraft/saves/Hexenwerk%20Dev/datapacks/Hexenwerk%20Datapack/data/hexenwerk/tags/items/clear.json":{"language":"JSON","code":9,"comment":0,"blank":0},"file:///c%3A/Users/Flynn/AppData/Roaming/.minecraft/saves/Hexenwerk%20Dev/datapacks/Hexenwerk%20Datapack/pack.mcmeta":{"language":"JSON","code":21,"comment":0,"blank":0},"file:///c%3A/Users/Flynn/AppData/Roaming/.minecraft/saves/Hexenwerk%20Dev/datapacks/Hexenwerk%20Datapack/data/hexenwerk/tags/blocks/transparent.json":{"language":"JSON","code":110,"comment":0,"blank":0},"file:///c%3A/Users/Flynn/AppData/Roaming/.minecraft/saves/Hexenwerk%20Dev/datapacks/Hexenwerk%20Datapack/data/hexenwerk/tags/blocks/unmovable.json":{"language":"JSON","code":29,"comment":0,"blank":0},"file:///c%3A/Users/Flynn/AppData/Roaming/.minecraft/saves/Hexenwerk%20Dev/datapacks/Hexenwerk%20Datapack/data/hexenwerk/tags/blocks/air.json":{"language":"JSON","code":8,"comment":0,"blank":0},"file:///c%3A/Users/Flynn/AppData/Roaming/.minecraft/saves/Hexenwerk%20Dev/datapacks/Hexenwerk%20Datapack/data/hexenwerk/tags/biomes/has_magical_flower.json":{"language":"JSON","code":32,"comment":0,"blank":0},"file:///c%3A/Users/Flynn/AppData/Roaming/.minecraft/saves/Hexenwerk%20Dev/datapacks/Hexenwerk%20Datapack/data/hexenwerk/tags/entity_types/undead.json":{"language":"JSON","code":49,"comment":0,"blank":1},"file:///c%3A/Users/Flynn/AppData/Roaming/.minecraft/saves/Hexenwerk%20Dev/datapacks/Hexenwerk%20Datapack/data/hexenwerk/tags/entity_types/mobpulsplus.json":{"language":"JSON","code":71,"comment":0,"blank":0},"file:///c%3A/Users/Flynn/AppData/Roaming/.minecraft/saves/Hexenwerk%20Dev/datapacks/Hexenwerk%20Datapack/data/hexenwerk/tags/entity_types/mob.json":{"language":"JSON","code":69,"comment":0,"blank":0},"file:///c%3A/Users/Flynn/AppData/Roaming/.minecraft/saves/Hexenwerk%20Dev/datapacks/Hexenwerk%20Datapack/data/hexenwerk/tags/entity_types/display_entity.json":{"language":"JSON","code":8,"comment":0,"blank":0},"file:///c%3A/Users/Flynn/AppData/Roaming/.minecraft/saves/Hexenwerk%20Dev/datapacks/Hexenwerk%20Datapack/data/hexenwerk/worldgen/structure_set/magical_flower_patch.json":{"language":"JSON","code":14,"comment":0,"blank":0},"file:///c%3A/Users/Flynn/AppData/Roaming/.minecraft/saves/Hexenwerk%20Dev/datapacks/Hexenwerk%20Datapack/data/hexenwerk/tags/entity_types/custom_block.json":{"language":"JSON","code":7,"comment":0,"blank":0},"file:///c%3A/Users/Flynn/AppData/Roaming/.minecraft/saves/Hexenwerk%20Dev/datapacks/Hexenwerk%20Datapack/data/hexenwerk/worldgen/template_pool/magical_flower_patch_flower.json":{"language":"JSON","code":22,"comment":0,"blank":1},"file:///c%3A/Users/Flynn/AppData/Roaming/.minecraft/saves/Hexenwerk%20Dev/datapacks/Hexenwerk%20Datapack/data/hexenwerk/predicates/holding/wand_offhand.json":{"language":"JSON","code":14,"comment":0,"blank":1},"file:///c%3A/Users/Flynn/AppData/Roaming/.minecraft/saves/Hexenwerk%20Dev/datapacks/Hexenwerk%20Datapack/data/hexenwerk/worldgen/template_pool/magical_flower_patch_plate.json":{"language":"JSON","code":15,"comment":0,"blank":1},"file:///c%3A/Users/Flynn/AppData/Roaming/.minecraft/saves/Hexenwerk%20Dev/datapacks/Hexenwerk%20Datapack/data/hexenwerk/predicates/holding/wand.json":{"language":"JSON","code":14,"comment":0,"blank":1},"file:///c%3A/Users/Flynn/AppData/Roaming/.minecraft/saves/Hexenwerk%20Dev/datapacks/Hexenwerk%20Datapack/data/hexenwerk/predicates/holding/spell_blocker.json":{"language":"JSON","code":11,"comment":0,"blank":1},"file:///c%3A/Users/Flynn/AppData/Roaming/.minecraft/saves/Hexenwerk%20Dev/datapacks/Hexenwerk%20Datapack/data/hexenwerk/predicates/holding/slot_attuned_wand.json":{"language":"JSON","code":14,"comment":0,"blank":1},"file:///c%3A/Users/Flynn/AppData/Roaming/.minecraft/saves/Hexenwerk%20Dev/datapacks/Hexenwerk%20Datapack/data/hexenwerk/worldgen/structure/magical_flower_patch.json":{"language":"JSON","code":15,"comment":0,"blank":1},"file:///c%3A/Users/Flynn/AppData/Roaming/.minecraft/saves/Hexenwerk%20Dev/datapacks/Hexenwerk%20Datapack/data/hexenwerk/predicates/holding/dev_stone_dev.json":{"language":"JSON","code":11,"comment":0,"blank":1},"file:///c%3A/Users/Flynn/AppData/Roaming/.minecraft/saves/Hexenwerk%20Dev/datapacks/Hexenwerk%20Datapack/data/hexenwerk/predicates/holding/dev_stone_deactivated.json":{"language":"JSON","code":11,"comment":0,"blank":1},"file:///c%3A/Users/Flynn/AppData/Roaming/.minecraft/saves/Hexenwerk%20Dev/datapacks/Hexenwerk%20Datapack/data/hexenwerk/predicates/percent/75.json":{"language":"JSON","code":4,"comment":0,"blank":1},"file:///c%3A/Users/Flynn/AppData/Roaming/.minecraft/saves/Hexenwerk%20Dev/datapacks/Hexenwerk%20Datapack/data/hexenwerk/predicates/holding/dev_stone.json":{"language":"JSON","code":11,"comment":0,"blank":1},"file:///c%3A/Users/Flynn/AppData/Roaming/.minecraft/saves/Hexenwerk%20Dev/datapacks/Hexenwerk%20Datapack/data/hexenwerk/predicates/percent/20.json":{"language":"JSON","code":4,"comment":0,"blank":1},"file:///c%3A/Users/Flynn/AppData/Roaming/.minecraft/saves/Hexenwerk%20Dev/datapacks/Hexenwerk%20Datapack/data/hexenwerk/predicates/percent/5.json":{"language":"JSON","code":4,"comment":0,"blank":1},"file:///c%3A/Users/Flynn/AppData/Roaming/.minecraft/saves/Hexenwerk%20Dev/datapacks/Hexenwerk%20Datapack/data/hexenwerk/predicates/percent/1.json":{"language":"JSON","code":4,"comment":0,"blank":1},"file:///c%3A/Users/Flynn/AppData/Roaming/.minecraft/saves/Hexenwerk%20Dev/datapacks/Hexenwerk%20Datapack/data/hexenwerk/recipes/wand.json":{"language":"JSON","code":20,"comment":0,"blank":2},"file:///c%3A/Users/Flynn/AppData/Roaming/.minecraft/saves/Hexenwerk%20Dev/datapacks/Hexenwerk%20Datapack/data/hexenwerk/recipes/magical_crystal.json":{"language":"JSON","code":17,"comment":0,"blank":2},"file:///c%3A/Users/Flynn/AppData/Roaming/.minecraft/saves/Hexenwerk%20Dev/datapacks/Hexenwerk%20Datapack/data/hexenwerk/predicates/holding/dev_stone_debug.json":{"language":"JSON","code":11,"comment":0,"blank":1},"file:///c%3A/Users/Flynn/AppData/Roaming/.minecraft/saves/Hexenwerk%20Dev/datapacks/Hexenwerk%20Datapack/data/hexenwerk/functions/player_setup.mcfunction":{"language":"mcfunction","code":2,"comment":0,"blank":0},"file:///c%3A/Users/Flynn/AppData/Roaming/.minecraft/saves/Hexenwerk%20Dev/datapacks/Hexenwerk%20Datapack/data/hexenwerk/functions/rng.mcfunction":{"language":"mcfunction","code":9,"comment":0,"blank":1},"file:///c%3A/Users/Flynn/AppData/Roaming/.minecraft/saves/Hexenwerk%20Dev/datapacks/Hexenwerk%20Datapack/data/hexenwerk/functions/_config.mcfunction":{"language":"mcfunction","code":1,"comment":1,"blank":1},"file:///c%3A/Users/Flynn/AppData/Roaming/.minecraft/saves/Hexenwerk%20Dev/datapacks/Hexenwerk%20Datapack/data/hexenwerk/recipes/magical_crafting_table.json":{"language":"JSON","code":20,"comment":0,"blank":2},"file:///c%3A/Users/Flynn/AppData/Roaming/.minecraft/saves/Hexenwerk%20Dev/datapacks/Hexenwerk%20Datapack/data/hexenwerk/advancements/other/join.json":{"language":"JSON","code":10,"comment":0,"blank":1},"file:///c%3A/Users/Flynn/AppData/Roaming/.minecraft/saves/Hexenwerk%20Dev/datapacks/Hexenwerk%20Datapack/data/hexenwerk/advancements/other/inventory_changed.json":{"language":"JSON","code":11,"comment":0,"blank":1},"file:///c%3A/Users/Flynn/AppData/Roaming/.minecraft/saves/Hexenwerk%20Dev/datapacks/Hexenwerk%20Datapack/data/hexenwerk/functions/utility/grab_block.mcfunction":{"language":"mcfunction","code":0,"comment":0,"blank":1},"file:///c%3A/Users/Flynn/AppData/Roaming/.minecraft/saves/Hexenwerk%20Dev/datapacks/Hexenwerk%20Datapack/data/hexenwerk/functions/uninstall.mcfunction":{"language":"mcfunction","code":50,"comment":0,"blank":4},"file:///c%3A/Users/Flynn/AppData/Roaming/.minecraft/saves/Hexenwerk%20Dev/datapacks/Hexenwerk%20Datapack/data/hexenwerk/functions/utility/drop_from_mainhand.mcfunction":{"language":"mcfunction","code":4,"comment":0,"blank":1},"file:///c%3A/Users/Flynn/AppData/Roaming/.minecraft/saves/Hexenwerk%20Dev/datapacks/Hexenwerk%20Datapack/data/hexenwerk/functions/utility/drop_from_offhand.mcfunction":{"language":"mcfunction","code":4,"comment":0,"blank":1},"file:///c%3A/Users/Flynn/AppData/Roaming/.minecraft/saves/Hexenwerk%20Dev/datapacks/Hexenwerk%20Datapack/data/hexenwerk/advancements/wand.json":{"language":"JSON","code":34,"comment":0,"blank":0},"file:///c%3A/Users/Flynn/AppData/Roaming/.minecraft/saves/Hexenwerk%20Dev/datapacks/Hexenwerk%20Datapack/data/hexenwerk/functions/mana/regen_attuned.mcfunction":{"language":"mcfunction","code":3,"comment":0,"blank":0},"file:///c%3A/Users/Flynn/AppData/Roaming/.minecraft/saves/Hexenwerk%20Dev/datapacks/Hexenwerk%20Datapack/data/hexenwerk/functions/mana/regen.mcfunction":{"language":"mcfunction","code":9,"comment":0,"blank":1},"file:///c%3A/Users/Flynn/AppData/Roaming/.minecraft/saves/Hexenwerk%20Dev/datapacks/Hexenwerk%20Datapack/data/hexenwerk/functions/wand/main.mcfunction":{"language":"mcfunction","code":17,"comment":0,"blank":6},"file:///c%3A/Users/Flynn/AppData/Roaming/.minecraft/saves/Hexenwerk%20Dev/datapacks/Hexenwerk%20Datapack/data/hexenwerk/loot_tables/items/ender_core.json":{"language":"JSON","code":21,"comment":0,"blank":1},"file:///c%3A/Users/Flynn/AppData/Roaming/.minecraft/saves/Hexenwerk%20Dev/datapacks/Hexenwerk%20Datapack/data/hexenwerk/loot_tables/items/explosive_core.json":{"language":"JSON","code":21,"comment":0,"blank":1},"file:///c%3A/Users/Flynn/AppData/Roaming/.minecraft/saves/Hexenwerk%20Dev/datapacks/Hexenwerk%20Datapack/data/hexenwerk/functions/wand/slot_5/swapto.mcfunction":{"language":"mcfunction","code":9,"comment":0,"blank":5},"file:///c%3A/Users/Flynn/AppData/Roaming/.minecraft/saves/Hexenwerk%20Dev/datapacks/Hexenwerk%20Datapack/data/hexenwerk/functions/update/wand/main.mcfunction":{"language":"mcfunction","code":1,"comment":0,"blank":1},"file:///c%3A/Users/Flynn/AppData/Roaming/.minecraft/saves/Hexenwerk%20Dev/datapacks/Hexenwerk%20Datapack/data/hexenwerk/functions/wand/slot_5/main.mcfunction":{"language":"mcfunction","code":6,"comment":2,"blank":8},"file:///c%3A/Users/Flynn/AppData/Roaming/.minecraft/saves/Hexenwerk%20Dev/datapacks/Hexenwerk%20Datapack/data/hexenwerk/loot_tables/items/dev_stone.json":{"language":"JSON","code":19,"comment":0,"blank":1},"file:///c%3A/Users/Flynn/AppData/Roaming/.minecraft/saves/Hexenwerk%20Dev/datapacks/Hexenwerk%20Datapack/data/hexenwerk/loot_tables/items/blaze_core.json":{"language":"JSON","code":21,"comment":0,"blank":1},"file:///c%3A/Users/Flynn/AppData/Roaming/.minecraft/saves/Hexenwerk%20Dev/datapacks/Hexenwerk%20Datapack/data/hexenwerk/functions/update/wand/attunement_data.mcfunction":{"language":"mcfunction","code":3,"comment":0,"blank":0},"file:///c%3A/Users/Flynn/AppData/Roaming/.minecraft/saves/Hexenwerk%20Dev/datapacks/Hexenwerk%20Datapack/data/hexenwerk/loot_tables/items/wand_2.json":{"language":"JSON","code":18,"comment":0,"blank":1},"file:///c%3A/Users/Flynn/AppData/Roaming/.minecraft/saves/Hexenwerk%20Dev/datapacks/Hexenwerk%20Datapack/data/hexenwerk/loot_tables/items/magical_shard.json":{"language":"JSON","code":22,"comment":0,"blank":1},"file:///c%3A/Users/Flynn/AppData/Roaming/.minecraft/saves/Hexenwerk%20Dev/datapacks/Hexenwerk%20Datapack/data/hexenwerk/loot_tables/items/wand.json":{"language":"JSON","code":18,"comment":0,"blank":1},"file:///c%3A/Users/Flynn/AppData/Roaming/.minecraft/saves/Hexenwerk%20Dev/datapacks/Hexenwerk%20Datapack/data/hexenwerk/loot_tables/items/magical_crystal.json":{"language":"JSON","code":19,"comment":0,"blank":1},"file:///c%3A/Users/Flynn/AppData/Roaming/.minecraft/saves/Hexenwerk%20Dev/datapacks/Hexenwerk%20Datapack/data/hexenwerk/loot_tables/items/frozen_core.json":{"language":"JSON","code":21,"comment":0,"blank":1},"file:///c%3A/Users/Flynn/AppData/Roaming/.minecraft/saves/Hexenwerk%20Dev/datapacks/Hexenwerk%20Datapack/data/hexenwerk/functions/triggers/settings.mcfunction":{"language":"mcfunction","code":9,"comment":0,"blank":3},"file:///c%3A/Users/Flynn/AppData/Roaming/.minecraft/saves/Hexenwerk%20Dev/datapacks/Hexenwerk%20Datapack/data/hexenwerk/functions/spell_events/while/glacius.mcfunction":{"language":"mcfunction","code":1,"comment":0,"blank":0},"file:///c%3A/Users/Flynn/AppData/Roaming/.minecraft/saves/Hexenwerk%20Dev/datapacks/Hexenwerk%20Datapack/data/hexenwerk/functions/spell_events/while/circulum_sanitatem.mcfunction":{"language":"mcfunction","code":10,"comment":0,"blank":4},"file:///c%3A/Users/Flynn/AppData/Roaming/.minecraft/saves/Hexenwerk%20Dev/datapacks/Hexenwerk%20Datapack/data/hexenwerk/loot_tables/items/attunement_shards/expansion.json":{"language":"JSON","code":19,"comment":0,"blank":1},"file:///c%3A/Users/Flynn/AppData/Roaming/.minecraft/saves/Hexenwerk%20Dev/datapacks/Hexenwerk%20Datapack/data/hexenwerk/functions/triggers/click_events/settings/main.mcfunction":{"language":"mcfunction","code":8,"comment":0,"blank":4},"file:///c%3A/Users/Flynn/AppData/Roaming/.minecraft/saves/Hexenwerk%20Dev/datapacks/Hexenwerk%20Datapack/data/hexenwerk/loot_tables/items/attunement_shards/conservation.json":{"language":"JSON","code":19,"comment":0,"blank":1},"file:///c%3A/Users/Flynn/AppData/Roaming/.minecraft/saves/Hexenwerk%20Dev/datapacks/Hexenwerk%20Datapack/data/hexenwerk/functions/spell_events/while/main.mcfunction":{"language":"mcfunction","code":6,"comment":0,"blank":1},"file:///c%3A/Users/Flynn/AppData/Roaming/.minecraft/saves/Hexenwerk%20Dev/datapacks/Hexenwerk%20Datapack/data/hexenwerk/functions/spell_events/while/ignis_temptates.mcfunction":{"language":"mcfunction","code":9,"comment":1,"blank":4},"file:///c%3A/Users/Flynn/AppData/Roaming/.minecraft/saves/Hexenwerk%20Dev/datapacks/Hexenwerk%20Datapack/data/hexenwerk/functions/spell_events/while/consedo.mcfunction":{"language":"mcfunction","code":6,"comment":0,"blank":2},"file:///c%3A/Users/Flynn/AppData/Roaming/.minecraft/saves/Hexenwerk%20Dev/datapacks/Hexenwerk%20Datapack/data/hexenwerk/functions/spell_events/while/commovus_motus.mcfunction":{"language":"mcfunction","code":21,"comment":1,"blank":4},"file:///c%3A/Users/Flynn/AppData/Roaming/.minecraft/saves/Hexenwerk%20Dev/datapacks/Hexenwerk%20Datapack/data/hexenwerk/loot_tables/items/spell_books/commovus.json":{"language":"JSON","code":19,"comment":0,"blank":1},"file:///c%3A/Users/Flynn/AppData/Roaming/.minecraft/saves/Hexenwerk%20Dev/datapacks/Hexenwerk%20Datapack/data/hexenwerk/loot_tables/items/spell_books/consedo.json":{"language":"JSON","code":19,"comment":0,"blank":1},"file:///c%3A/Users/Flynn/AppData/Roaming/.minecraft/saves/Hexenwerk%20Dev/datapacks/Hexenwerk%20Datapack/data/hexenwerk/loot_tables/items/spell_books/commovus_motus.json":{"language":"JSON","code":19,"comment":0,"blank":0},"file:///c%3A/Users/Flynn/AppData/Roaming/.minecraft/saves/Hexenwerk%20Dev/datapacks/Hexenwerk%20Datapack/data/hexenwerk/loot_tables/items/spell_books/circulum_sanitatem.json":{"language":"JSON","code":19,"comment":0,"blank":1},"file:///c%3A/Users/Flynn/AppData/Roaming/.minecraft/saves/Hexenwerk%20Dev/datapacks/Hexenwerk%20Datapack/data/hexenwerk/loot_tables/items/spell_books/auxiliare.json":{"language":"JSON","code":19,"comment":0,"blank":1},"file:///c%3A/Users/Flynn/AppData/Roaming/.minecraft/saves/Hexenwerk%20Dev/datapacks/Hexenwerk%20Datapack/data/hexenwerk/loot_tables/items/spell_books/attonus.json":{"language":"JSON","code":19,"comment":0,"blank":1},"file:///c%3A/Users/Flynn/AppData/Roaming/.minecraft/saves/Hexenwerk%20Dev/datapacks/Hexenwerk%20Datapack/data/hexenwerk/functions/spell_events/start/terrae_motus.mcfunction":{"language":"mcfunction","code":5,"comment":0,"blank":3},"file:///c%3A/Users/Flynn/AppData/Roaming/.minecraft/saves/Hexenwerk%20Dev/datapacks/Hexenwerk%20Datapack/data/hexenwerk/functions/spell_events/start/ignis_temptates.mcfunction":{"language":"mcfunction","code":1,"comment":0,"blank":0},"file:///c%3A/Users/Flynn/AppData/Roaming/.minecraft/saves/Hexenwerk%20Dev/datapacks/Hexenwerk%20Datapack/data/hexenwerk/functions/spell_events/start/main.mcfunction":{"language":"mcfunction","code":6,"comment":0,"blank":1},"file:///c%3A/Users/Flynn/AppData/Roaming/.minecraft/saves/Hexenwerk%20Dev/datapacks/Hexenwerk%20Datapack/data/hexenwerk/loot_tables/items/spell_books/ardo.json":{"language":"JSON","code":19,"comment":0,"blank":1},"file:///c%3A/Users/Flynn/AppData/Roaming/.minecraft/saves/Hexenwerk%20Dev/datapacks/Hexenwerk%20Datapack/data/hexenwerk/loot_tables/items/stones/water.json":{"language":"JSON","code":1,"comment":0,"blank":0},"file:///c%3A/Users/Flynn/AppData/Roaming/.minecraft/saves/Hexenwerk%20Dev/datapacks/Hexenwerk%20Datapack/data/hexenwerk/functions/spell_events/start/glacius.mcfunction":{"language":"mcfunction","code":12,"comment":0,"blank":3},"file:///c%3A/Users/Flynn/AppData/Roaming/.minecraft/saves/Hexenwerk%20Dev/datapacks/Hexenwerk%20Datapack/data/hexenwerk/loot_tables/items/spell_books/amogius.json":{"language":"JSON","code":19,"comment":0,"blank":1},"file:///c%3A/Users/Flynn/AppData/Roaming/.minecraft/saves/Hexenwerk%20Dev/datapacks/Hexenwerk%20Datapack/data/hexenwerk/loot_tables/items/spell_books/wingardium_leviosa.json":{"language":"JSON","code":19,"comment":0,"blank":1},"file:///c%3A/Users/Flynn/AppData/Roaming/.minecraft/saves/Hexenwerk%20Dev/datapacks/Hexenwerk%20Datapack/data/hexenwerk/loot_tables/items/spell_books/terrae_motus.json":{"language":"JSON","code":19,"comment":0,"blank":1},"file:///c%3A/Users/Flynn/AppData/Roaming/.minecraft/saves/Hexenwerk%20Dev/datapacks/Hexenwerk%20Datapack/data/hexenwerk/loot_tables/items/spell_books/ignis_temptates.json":{"language":"JSON","code":19,"comment":0,"blank":0},"file:///c%3A/Users/Flynn/AppData/Roaming/.minecraft/saves/Hexenwerk%20Dev/datapacks/Hexenwerk%20Datapack/data/hexenwerk/loot_tables/items/spell_books/iunior.json":{"language":"JSON","code":19,"comment":0,"blank":0},"file:///c%3A/Users/Flynn/AppData/Roaming/.minecraft/saves/Hexenwerk%20Dev/datapacks/Hexenwerk%20Datapack/data/hexenwerk/loot_tables/items/spell_books/generic.json":{"language":"JSON","code":19,"comment":0,"blank":0},"file:///c%3A/Users/Flynn/AppData/Roaming/.minecraft/saves/Hexenwerk%20Dev/datapacks/Hexenwerk%20Datapack/data/hexenwerk/loot_tables/items/spell_books/aguamenti.json":{"language":"JSON","code":19,"comment":0,"blank":0},"file:///c%3A/Users/Flynn/AppData/Roaming/.minecraft/saves/Hexenwerk%20Dev/datapacks/Hexenwerk%20Datapack/data/hexenwerk/loot_tables/items/spell_books/glacius.json":{"language":"JSON","code":19,"comment":0,"blank":0},"file:///c%3A/Users/Flynn/AppData/Roaming/.minecraft/saves/Hexenwerk%20Dev/datapacks/Hexenwerk%20Datapack/data/hexenwerk/loot_tables/items/stones/nature.json":{"language":"JSON","code":1,"comment":0,"blank":0},"file:///c%3A/Users/Flynn/AppData/Roaming/.minecraft/saves/Hexenwerk%20Dev/datapacks/Hexenwerk%20Datapack/data/hexenwerk/functions/spell_events/start/commovus_motus.mcfunction":{"language":"mcfunction","code":0,"comment":0,"blank":1},"file:///c%3A/Users/Flynn/AppData/Roaming/.minecraft/saves/Hexenwerk%20Dev/datapacks/Hexenwerk%20Datapack/data/hexenwerk/functions/spell_events/while/terrae_motus/main.mcfunction":{"language":"mcfunction","code":2,"comment":0,"blank":1},"file:///c%3A/Users/Flynn/AppData/Roaming/.minecraft/saves/Hexenwerk%20Dev/datapacks/Hexenwerk%20Datapack/data/hexenwerk/loot_tables/items/stones/mystery.json":{"language":"JSON","code":1,"comment":0,"blank":0},"file:///c%3A/Users/Flynn/AppData/Roaming/.minecraft/saves/Hexenwerk%20Dev/datapacks/Hexenwerk%20Datapack/data/hexenwerk/functions/spell_events/start/circulum_sanitatem.mcfunction":{"language":"mcfunction","code":0,"comment":0,"blank":1},"file:///c%3A/Users/Flynn/AppData/Roaming/.minecraft/saves/Hexenwerk%20Dev/datapacks/Hexenwerk%20Datapack/data/hexenwerk/loot_tables/items/stones/generic.json":{"language":"JSON","code":19,"comment":0,"blank":1},"file:///c%3A/Users/Flynn/AppData/Roaming/.minecraft/saves/Hexenwerk%20Dev/datapacks/Hexenwerk%20Datapack/data/hexenwerk/functions/spell_events/start/consedo.mcfunction":{"language":"mcfunction","code":54,"comment":0,"blank":3},"file:///c%3A/Users/Flynn/AppData/Roaming/.minecraft/saves/Hexenwerk%20Dev/datapacks/Hexenwerk%20Datapack/data/hexenwerk/loot_tables/items/stones/mana.json":{"language":"JSON","code":1,"comment":0,"blank":0},"file:///c%3A/Users/Flynn/AppData/Roaming/.minecraft/saves/Hexenwerk%20Dev/datapacks/Hexenwerk%20Datapack/data/hexenwerk/loot_tables/items/stones/fire.json":{"language":"JSON","code":1,"comment":0,"blank":0},"file:///c%3A/Users/Flynn/AppData/Roaming/.minecraft/saves/Hexenwerk%20Dev/datapacks/Hexenwerk%20Datapack/data/hexenwerk/loot_tables/items/attunement_shards/refill.json":{"language":"JSON","code":19,"comment":0,"blank":1},"file:///c%3A/Users/Flynn/AppData/Roaming/.minecraft/saves/Hexenwerk%20Dev/datapacks/Hexenwerk%20Datapack/data/hexenwerk/functions/spell_events/while/commovus_motus/teleport.mcfunction":{"language":"mcfunction","code":2,"comment":0,"blank":1},"file:///c%3A/Users/Flynn/AppData/Roaming/.minecraft/saves/Hexenwerk%20Dev/datapacks/Hexenwerk%20Datapack/data/hexenwerk/loot_tables/items/attunement_shards/overflow.json":{"language":"JSON","code":19,"comment":0,"blank":1},"file:///c%3A/Users/Flynn/AppData/Roaming/.minecraft/saves/Hexenwerk%20Dev/datapacks/Hexenwerk%20Datapack/data/hexenwerk/loot_tables/items/attunement_shards/farsight.json":{"language":"JSON","code":19,"comment":0,"blank":1},"file:///c%3A/Users/Flynn/AppData/Roaming/.minecraft/saves/Hexenwerk%20Dev/datapacks/Hexenwerk%20Datapack/data/hexenwerk/functions/spell_events/while/commovus_motus/epic_fail_lol_xd_rofl.mcfunction":{"language":"mcfunction","code":2,"comment":0,"blank":1},"file:///c%3A/Users/Flynn/AppData/Roaming/.minecraft/saves/Hexenwerk%20Dev/datapacks/Hexenwerk%20Datapack/data/hexenwerk/functions/triggers/patrons.mcfunction":{"language":"mcfunction","code":2,"comment":0,"blank":1},"file:///c%3A/Users/Flynn/AppData/Roaming/.minecraft/saves/Hexenwerk%20Dev/datapacks/Hexenwerk%20Datapack/data/hexenwerk/loot_tables/items/amulet.json":{"language":"JSON","code":19,"comment":0,"blank":0},"file:///c%3A/Users/Flynn/AppData/Roaming/.minecraft/saves/Hexenwerk%20Dev/datapacks/Hexenwerk%20Datapack/data/hexenwerk/functions/spell_events/main.mcfunction":{"language":"mcfunction","code":10,"comment":0,"blank":2},"file:///c%3A/Users/Flynn/AppData/Roaming/.minecraft/saves/Hexenwerk%20Dev/datapacks/Hexenwerk%20Datapack/data/hexenwerk/functions/triggers/main.mcfunction":{"language":"mcfunction","code":4,"comment":0,"blank":1},"file:///c%3A/Users/Flynn/AppData/Roaming/.minecraft/saves/Hexenwerk%20Dev/datapacks/Hexenwerk%20Datapack/data/hexenwerk/functions/wand/swapslot_offhand.mcfunction":{"language":"mcfunction","code":5,"comment":0,"blank":5},"file:///c%3A/Users/Flynn/AppData/Roaming/.minecraft/saves/Hexenwerk%20Dev/datapacks/Hexenwerk%20Datapack/data/hexenwerk/functions/wand/use.mcfunction":{"language":"mcfunction","code":9,"comment":0,"blank":3},"file:///c%3A/Users/Flynn/AppData/Roaming/.minecraft/saves/Hexenwerk%20Dev/datapacks/Hexenwerk%20Datapack/data/hexenwerk/functions/triggers/contributors.mcfunction":{"language":"mcfunction","code":2,"comment":0,"blank":1},"file:///c%3A/Users/Flynn/AppData/Roaming/.minecraft/saves/Hexenwerk%20Dev/datapacks/Hexenwerk%20Datapack/data/hexenwerk/functions/wand/swapslot.mcfunction":{"language":"mcfunction","code":8,"comment":0,"blank":3},"file:///c%3A/Users/Flynn/AppData/Roaming/.minecraft/saves/Hexenwerk%20Dev/datapacks/Hexenwerk%20Datapack/data/hexenwerk/functions/spell_events/while/terrae_motus/waves/second.mcfunction":{"language":"mcfunction","code":16,"comment":0,"blank":2},"file:///c%3A/Users/Flynn/AppData/Roaming/.minecraft/saves/Hexenwerk%20Dev/datapacks/Hexenwerk%20Datapack/data/hexenwerk/functions/spell_events/end/commovus_motus.mcfunction":{"language":"mcfunction","code":1,"comment":0,"blank":0},"file:///c%3A/Users/Flynn/AppData/Roaming/.minecraft/saves/Hexenwerk%20Dev/datapacks/Hexenwerk%20Datapack/data/hexenwerk/functions/spell_events/while/terrae_motus/waves/just_to_compact.mcfunction":{"language":"mcfunction","code":10,"comment":0,"blank":2},"file:///c%3A/Users/Flynn/AppData/Roaming/.minecraft/saves/Hexenwerk%20Dev/datapacks/Hexenwerk%20Datapack/data/hexenwerk/functions/spell_events/other/glacius.mcfunction":{"language":"mcfunction","code":3,"comment":0,"blank":1},"file:///c%3A/Users/Flynn/AppData/Roaming/.minecraft/saves/Hexenwerk%20Dev/datapacks/Hexenwerk%20Datapack/data/hexenwerk/functions/spell_events/end/terrae_motus.mcfunction":{"language":"mcfunction","code":1,"comment":0,"blank":0},"file:///c%3A/Users/Flynn/AppData/Roaming/.minecraft/saves/Hexenwerk%20Dev/datapacks/Hexenwerk%20Datapack/data/hexenwerk/functions/spell_events/while/terrae_motus/waves/first.mcfunction":{"language":"mcfunction","code":8,"comment":0,"blank":2},"file:///c%3A/Users/Flynn/AppData/Roaming/.minecraft/saves/Hexenwerk%20Dev/datapacks/Hexenwerk%20Datapack/data/hexenwerk/functions/spell_events/end/circulum_sanitatem.mcfunction":{"language":"mcfunction","code":5,"comment":0,"blank":1},"file:///c%3A/Users/Flynn/AppData/Roaming/.minecraft/saves/Hexenwerk%20Dev/datapacks/Hexenwerk%20Datapack/data/hexenwerk/functions/wand/slot_3/swapto.mcfunction":{"language":"mcfunction","code":9,"comment":0,"blank":5},"file:///c%3A/Users/Flynn/AppData/Roaming/.minecraft/saves/Hexenwerk%20Dev/datapacks/Hexenwerk%20Datapack/data/hexenwerk/functions/wand/slot_3/main.mcfunction":{"language":"mcfunction","code":6,"comment":2,"blank":8},"file:///c%3A/Users/Flynn/AppData/Roaming/.minecraft/saves/Hexenwerk%20Dev/datapacks/Hexenwerk%20Datapack/data/hexenwerk/functions/spell_events/end/glacius.mcfunction":{"language":"mcfunction","code":3,"comment":0,"blank":0},"file:///c%3A/Users/Flynn/AppData/Roaming/.minecraft/saves/Hexenwerk%20Dev/datapacks/Hexenwerk%20Datapack/data/hexenwerk/functions/spell_events/end/ignis_temptates.mcfunction":{"language":"mcfunction","code":26,"comment":0,"blank":14},"file:///c%3A/Users/Flynn/AppData/Roaming/.minecraft/saves/Hexenwerk%20Dev/datapacks/Hexenwerk%20Datapack/data/hexenwerk/functions/spell_events/start/display_entities/consedo/outer.mcfunction":{"language":"mcfunction","code":8,"comment":0,"blank":1},"file:///c%3A/Users/Flynn/AppData/Roaming/.minecraft/saves/Hexenwerk%20Dev/datapacks/Hexenwerk%20Datapack/data/hexenwerk/functions/spell_events/end/consedo.mcfunction":{"language":"mcfunction","code":1,"comment":0,"blank":0},"file:///c%3A/Users/Flynn/AppData/Roaming/.minecraft/saves/Hexenwerk%20Dev/datapacks/Hexenwerk%20Datapack/data/hexenwerk/functions/wand/slot_2/swapto.mcfunction":{"language":"mcfunction","code":9,"comment":0,"blank":5},"file:///c%3A/Users/Flynn/AppData/Roaming/.minecraft/saves/Hexenwerk%20Dev/datapacks/Hexenwerk%20Datapack/data/hexenwerk/functions/wand/slot_2/main.mcfunction":{"language":"mcfunction","code":6,"comment":2,"blank":9},"file:///c%3A/Users/Flynn/AppData/Roaming/.minecraft/saves/Hexenwerk%20Dev/datapacks/Hexenwerk%20Datapack/data/hexenwerk/functions/spell_events/start/display_entities/consedo/mid.mcfunction":{"language":"mcfunction","code":8,"comment":0,"blank":1},"file:///c%3A/Users/Flynn/AppData/Roaming/.minecraft/saves/Hexenwerk%20Dev/datapacks/Hexenwerk%20Datapack/data/hexenwerk/functions/spell_events/start/display_entities/consedo/inner.mcfunction":{"language":"mcfunction","code":8,"comment":0,"blank":1},"file:///c%3A/Users/Flynn/AppData/Roaming/.minecraft/saves/Hexenwerk%20Dev/datapacks/Hexenwerk%20Datapack/data/hexenwerk/functions/wand/spells/cast.mcfunction":{"language":"mcfunction","code":8,"comment":0,"blank":4},"file:///c%3A/Users/Flynn/AppData/Roaming/.minecraft/saves/Hexenwerk%20Dev/datapacks/Hexenwerk%20Datapack/data/hexenwerk/functions/mana/update_max.mcfunction":{"language":"mcfunction","code":6,"comment":0,"blank":0},"file:///c%3A/Users/Flynn/AppData/Roaming/.minecraft/saves/Hexenwerk%20Dev/datapacks/Hexenwerk%20Datapack/data/hexenwerk/functions/mana/run_regen.mcfunction":{"language":"mcfunction","code":2,"comment":0,"blank":1},"file:///c%3A/Users/Flynn/AppData/Roaming/.minecraft/saves/Hexenwerk%20Dev/datapacks/Hexenwerk%20Datapack/data/hexenwerk/functions/wand/slot_4/swapto.mcfunction":{"language":"mcfunction","code":9,"comment":0,"blank":5},"file:///c%3A/Users/Flynn/AppData/Roaming/.minecraft/saves/Hexenwerk%20Dev/datapacks/Hexenwerk%20Datapack/data/hexenwerk/functions/wand/slot_4/main.mcfunction":{"language":"mcfunction","code":6,"comment":2,"blank":8},"file:///c%3A/Users/Flynn/AppData/Roaming/.minecraft/saves/Hexenwerk%20Dev/datapacks/Hexenwerk%20Datapack/data/hexenwerk/functions/wand/on_unselect.mcfunction":{"language":"mcfunction","code":4,"comment":0,"blank":1},"file:///c%3A/Users/Flynn/AppData/Roaming/.minecraft/saves/Hexenwerk%20Dev/datapacks/Hexenwerk%20Datapack/data/hexenwerk/functions/mana/regen_of_flower.mcfunction":{"language":"mcfunction","code":2,"comment":0,"blank":1},"file:///c%3A/Users/Flynn/AppData/Roaming/.minecraft/saves/Hexenwerk%20Dev/datapacks/Hexenwerk%20Datapack/data/hexenwerk/functions/wand/on_select.mcfunction":{"language":"mcfunction","code":8,"comment":0,"blank":2},"file:///c%3A/Users/Flynn/AppData/Roaming/.minecraft/saves/Hexenwerk%20Dev/datapacks/Hexenwerk%20Datapack/data/hexenwerk/functions/mana/on_death.mcfunction":{"language":"mcfunction","code":2,"comment":0,"blank":0},"file:///c%3A/Users/Flynn/AppData/Roaming/.minecraft/saves/Hexenwerk%20Dev/datapacks/Hexenwerk%20Datapack/data/hexenwerk/functions/loretest.mcfunction":{"language":"mcfunction","code":0,"comment":0,"blank":1},"file:///c%3A/Users/Flynn/AppData/Roaming/.minecraft/saves/Hexenwerk%20Dev/datapacks/Hexenwerk%20Datapack/data/hexenwerk/functions/mana/display_water.mcfunction":{"language":"mcfunction","code":24,"comment":0,"blank":1},"file:///c%3A/Users/Flynn/AppData/Roaming/.minecraft/saves/Hexenwerk%20Dev/datapacks/Hexenwerk%20Datapack/data/hexenwerk/functions/mana/display.mcfunction":{"language":"mcfunction","code":24,"comment":0,"blank":1},"file:///c%3A/Users/Flynn/AppData/Roaming/.minecraft/saves/Hexenwerk%20Dev/datapacks/Hexenwerk%20Datapack/data/hexenwerk/advancements/spell.json":{"language":"JSON","code":26,"comment":0,"blank":0},"file:///c%3A/Users/Flynn/AppData/Roaming/.minecraft/saves/Hexenwerk%20Dev/datapacks/Hexenwerk%20Datapack/data/hexenwerk/functions/main.mcfunction":{"language":"mcfunction","code":25,"comment":16,"blank":15},"file:///c%3A/Users/Flynn/AppData/Roaming/.minecraft/saves/Hexenwerk%20Dev/datapacks/Hexenwerk%20Datapack/data/hexenwerk/functions/load.mcfunction":{"language":"mcfunction","code":63,"comment":7,"blank":11},"file:///c%3A/Users/Flynn/AppData/Roaming/.minecraft/saves/Hexenwerk%20Dev/datapacks/Hexenwerk%20Datapack/data/hexenwerk/advancements/shard.json":{"language":"JSON","code":34,"comment":0,"blank":0},"file:///c%3A/Users/Flynn/AppData/Roaming/.minecraft/saves/Hexenwerk%20Dev/datapacks/Hexenwerk%20Datapack/data/hexenwerk/loot_tables/blocks/spell_blocker.json":{"language":"JSON","code":19,"comment":0,"blank":1},"file:///c%3A/Users/Flynn/AppData/Roaming/.minecraft/saves/Hexenwerk%20Dev/datapacks/Hexenwerk%20Datapack/data/hexenwerk/loot_tables/blocks/magical_flower.json":{"language":"JSON","code":19,"comment":0,"blank":1},"file:///c%3A/Users/Flynn/AppData/Roaming/.minecraft/saves/Hexenwerk%20Dev/datapacks/Hexenwerk%20Datapack/data/hexenwerk/functions/craft/wand.mcfunction":{"language":"mcfunction","code":4,"comment":0,"blank":6},"file:///c%3A/Users/Flynn/AppData/Roaming/.minecraft/saves/Hexenwerk%20Dev/datapacks/Hexenwerk%20Datapack/data/hexenwerk/functions/craft/magical_crystal.mcfunction":{"language":"mcfunction","code":4,"comment":0,"blank":6},"file:///c%3A/Users/Flynn/AppData/Roaming/.minecraft/saves/Hexenwerk%20Dev/datapacks/Hexenwerk%20Datapack/data/hexenwerk/functions/craft/magical_crafting_table.mcfunction":{"language":"mcfunction","code":4,"comment":0,"blank":5},"file:///c%3A/Users/Flynn/AppData/Roaming/.minecraft/saves/Hexenwerk%20Dev/datapacks/Hexenwerk%20Datapack/data/hexenwerk/loot_tables/blocks/magical_crafting_table.json":{"language":"JSON","code":19,"comment":0,"blank":1},"file:///c%3A/Users/Flynn/AppData/Roaming/.minecraft/saves/Hexenwerk%20Dev/datapacks/Hexenwerk%20Datapack/data/hexenwerk/functions/wand/spells/raycast/particle.mcfunction":{"language":"mcfunction","code":11,"comment":2,"blank":3},"file:///c%3A/Users/Flynn/AppData/Roaming/.minecraft/saves/Hexenwerk%20Dev/datapacks/Hexenwerk%20Datapack/data/hexenwerk/functions/wand/spells/raycast/raycast.mcfunction":{"language":"mcfunction","code":9,"comment":0,"blank":6},"file:///c%3A/Users/Flynn/AppData/Roaming/.minecraft/saves/Hexenwerk%20Dev/datapacks/Hexenwerk%20Datapack/data/hexenwerk/loot_tables/blocks/dev_desk.json":{"language":"JSON","code":19,"comment":0,"blank":1},"file:///c%3A/Users/Flynn/AppData/Roaming/.minecraft/saves/Hexenwerk%20Dev/datapacks/Hexenwerk%20Datapack/data/hexenwerk/functions/wand/spells/no_raycast/main.mcfunction":{"language":"mcfunction","code":19,"comment":2,"blank":5},"file:///c%3A/Users/Flynn/AppData/Roaming/.minecraft/saves/Hexenwerk%20Dev/datapacks/Hexenwerk%20Datapack/data/hexenwerk/functions/wand/spells/raycast/entity_impact.mcfunction":{"language":"mcfunction","code":12,"comment":2,"blank":3},"file:///c%3A/Users/Flynn/AppData/Roaming/.minecraft/saves/Hexenwerk%20Dev/datapacks/Hexenwerk%20Datapack/data/hexenwerk/functions/wand/slot_1/swapto.mcfunction":{"language":"mcfunction","code":9,"comment":0,"blank":7},"file:///c%3A/Users/Flynn/AppData/Roaming/.minecraft/saves/Hexenwerk%20Dev/datapacks/Hexenwerk%20Datapack/data/hexenwerk/functions/wand/spells/raycast/main.mcfunction":{"language":"mcfunction","code":21,"comment":0,"blank":8},"file:///c%3A/Users/Flynn/AppData/Roaming/.minecraft/saves/Hexenwerk%20Dev/datapacks/Hexenwerk%20Datapack/data/hexenwerk/functions/wand/spells/raycast/block_impact.mcfunction":{"language":"mcfunction","code":3,"comment":0,"blank":2},"file:///c%3A/Users/Flynn/AppData/Roaming/.minecraft/saves/Hexenwerk%20Dev/datapacks/Hexenwerk%20Datapack/data/hexenwerk/functions/wand/slot_1/main.mcfunction":{"language":"mcfunction","code":6,"comment":2,"blank":10},"file:///c%3A/Users/Flynn/AppData/Roaming/.minecraft/saves/Hexenwerk%20Dev/datapacks/Hexenwerk%20Datapack/data/hexenwerk/functions/wand/spells/raycast/block_impact_run.mcfunction":{"language":"mcfunction","code":11,"comment":2,"blank":1},"file:///c%3A/Users/Flynn/AppData/Roaming/.minecraft/saves/Hexenwerk%20Dev/datapacks/Hexenwerk%20Datapack/data/hexenwerk/functions/armor_modifiers/main.mcfunction":{"language":"mcfunction","code":5,"comment":0,"blank":1},"file:///c%3A/Users/Flynn/AppData/Roaming/.minecraft/saves/Hexenwerk%20Dev/datapacks/Hexenwerk%20Datapack/data/hexenwerk/functions/armor_modifiers/legs.mcfunction":{"language":"mcfunction","code":2,"comment":0,"blank":0},"file:///c%3A/Users/Flynn/AppData/Roaming/.minecraft/saves/Hexenwerk%20Dev/datapacks/Hexenwerk%20Datapack/data/hexenwerk/advancements/root.json":{"language":"JSON","code":25,"comment":0,"blank":0},"file:///c%3A/Users/Flynn/AppData/Roaming/.minecraft/saves/Hexenwerk%20Dev/datapacks/Hexenwerk%20Datapack/data/hexenwerk/functions/config/max_raycast_distance/reset.mcfunction":{"language":"mcfunction","code":2,"comment":0,"blank":2},"file:///c%3A/Users/Flynn/AppData/Roaming/.minecraft/saves/Hexenwerk%20Dev/datapacks/Hexenwerk%20Datapack/data/hexenwerk/functions/config/max_raycast_distance/remove_one.mcfunction":{"language":"mcfunction","code":2,"comment":0,"blank":2},"file:///c%3A/Users/Flynn/AppData/Roaming/.minecraft/saves/Hexenwerk%20Dev/datapacks/Hexenwerk%20Datapack/data/hexenwerk/functions/config/max_raycast_distance/remove_ten.mcfunction":{"language":"mcfunction","code":2,"comment":0,"blank":2},"file:///c%3A/Users/Flynn/AppData/Roaming/.minecraft/saves/Hexenwerk%20Dev/datapacks/Hexenwerk%20Datapack/data/hexenwerk/functions/config/max_raycast_distance/add_ten.mcfunction":{"language":"mcfunction","code":2,"comment":0,"blank":2},"file:///c%3A/Users/Flynn/AppData/Roaming/.minecraft/saves/Hexenwerk%20Dev/datapacks/Hexenwerk%20Datapack/data/hexenwerk/functions/armor_modifiers/head.mcfunction":{"language":"mcfunction","code":2,"comment":0,"blank":0},"file:///c%3A/Users/Flynn/AppData/Roaming/.minecraft/saves/Hexenwerk%20Dev/datapacks/Hexenwerk%20Datapack/data/hexenwerk/functions/dev/dev_stone/toggle.mcfunction":{"language":"mcfunction","code":4,"comment":0,"blank":0},"file:///c%3A/Users/Flynn/AppData/Roaming/.minecraft/saves/Hexenwerk%20Dev/datapacks/Hexenwerk%20Datapack/data/hexenwerk/functions/armor_modifiers/feet.mcfunction":{"language":"mcfunction","code":2,"comment":0,"blank":0},"file:///c%3A/Users/Flynn/AppData/Roaming/.minecraft/saves/Hexenwerk%20Dev/datapacks/Hexenwerk%20Datapack/data/hexenwerk/functions/blocks/main.mcfunction":{"language":"mcfunction","code":8,"comment":0,"blank":2},"file:///c%3A/Users/Flynn/AppData/Roaming/.minecraft/saves/Hexenwerk%20Dev/datapacks/Hexenwerk%20Datapack/data/hexenwerk/functions/config/max_raycast_distance/add_one.mcfunction":{"language":"mcfunction","code":2,"comment":0,"blank":2},"file:///c%3A/Users/Flynn/AppData/Roaming/.minecraft/saves/Hexenwerk%20Dev/datapacks/Hexenwerk%20Datapack/data/hexenwerk/functions/armor_modifiers/chest.mcfunction":{"language":"mcfunction","code":2,"comment":0,"blank":0},"file:///c%3A/Users/Flynn/AppData/Roaming/.minecraft/saves/Hexenwerk%20Dev/datapacks/Hexenwerk%20Datapack/data/hexenwerk/functions/blocks/main_place.mcfunction":{"language":"mcfunction","code":4,"comment":0,"blank":1},"file:///c%3A/Users/Flynn/AppData/Roaming/.minecraft/saves/Hexenwerk%20Dev/datapacks/Hexenwerk%20Datapack/data/hexenwerk/functions/blocks/remove_gui_items.mcfunction":{"language":"mcfunction","code":8,"comment":0,"blank":5},"file:///c%3A/Users/Flynn/AppData/Roaming/.minecraft/saves/Hexenwerk%20Dev/datapacks/Hexenwerk%20Datapack/data/hexenwerk/functions/dev/dev_stone/switch/dev.mcfunction":{"language":"mcfunction","code":6,"comment":0,"blank":0},"file:///c%3A/Users/Flynn/AppData/Roaming/.minecraft/saves/Hexenwerk%20Dev/datapacks/Hexenwerk%20Datapack/data/hexenwerk/functions/blocks/magical_flower/destroy.mcfunction":{"language":"mcfunction","code":2,"comment":0,"blank":2},"file:///c%3A/Users/Flynn/AppData/Roaming/.minecraft/saves/Hexenwerk%20Dev/datapacks/Hexenwerk%20Datapack/data/hexenwerk/functions/blocks/magical_flower/place.mcfunction":{"language":"mcfunction","code":3,"comment":0,"blank":5},"file:///c%3A/Users/Flynn/AppData/Roaming/.minecraft/saves/Hexenwerk%20Dev/datapacks/Hexenwerk%20Datapack/data/hexenwerk/functions/dev/dev_stone/switch/debug.mcfunction":{"language":"mcfunction","code":4,"comment":0,"blank":0},"file:///c%3A/Users/Flynn/AppData/Roaming/.minecraft/saves/Hexenwerk%20Dev/datapacks/Hexenwerk%20Datapack/data/hexenwerk/functions/dev/dev_stone/switch/disabled.mcfunction":{"language":"mcfunction","code":5,"comment":0,"blank":1},"file:///c%3A/Users/Flynn/AppData/Roaming/.minecraft/saves/Hexenwerk%20Dev/datapacks/Hexenwerk%20Datapack/data/hexenwerk/functions/blocks/dev_desk/place.mcfunction":{"language":"mcfunction","code":4,"comment":0,"blank":6},"file:///c%3A/Users/Flynn/AppData/Roaming/.minecraft/saves/Hexenwerk%20Dev/datapacks/Hexenwerk%20Datapack/data/hexenwerk/functions/blocks/dev_desk/main.mcfunction":{"language":"mcfunction","code":5,"comment":0,"blank":2},"file:///c%3A/Users/Flynn/AppData/Roaming/.minecraft/saves/Hexenwerk%20Dev/datapacks/Hexenwerk%20Datapack/data/hexenwerk/functions/blocks/magical_crafting_table/gui/fix_items.mcfunction":{"language":"mcfunction","code":3,"comment":0,"blank":3},"file:///c%3A/Users/Flynn/AppData/Roaming/.minecraft/saves/Hexenwerk%20Dev/datapacks/Hexenwerk%20Datapack/data/hexenwerk/functions/blocks/dev_desk/home/main.mcfunction":{"language":"mcfunction","code":3,"comment":0,"blank":0},"file:///c%3A/Users/Flynn/AppData/Roaming/.minecraft/saves/Hexenwerk%20Dev/datapacks/Hexenwerk%20Datapack/data/hexenwerk/functions/blocks/dev_desk/home.mcfunction":{"language":"mcfunction","code":2,"comment":0,"blank":0},"file:///c%3A/Users/Flynn/AppData/Roaming/.minecraft/saves/Hexenwerk%20Dev/datapacks/Hexenwerk%20Datapack/data/hexenwerk/functions/wand/spells/raycast/spells_impact/terrae_motus/init.mcfunction":{"language":"mcfunction","code":5,"comment":0,"blank":0},"file:///c%3A/Users/Flynn/AppData/Roaming/.minecraft/saves/Hexenwerk%20Dev/datapacks/Hexenwerk%20Datapack/data/hexenwerk/functions/wand/spells/raycast/spells_impact/terrae_motus/main.mcfunction":{"language":"mcfunction","code":3,"comment":0,"blank":1},"file:///c%3A/Users/Flynn/AppData/Roaming/.minecraft/saves/Hexenwerk%20Dev/datapacks/Hexenwerk%20Datapack/data/hexenwerk/functions/blocks/dev_desk/items/main.mcfunction":{"language":"mcfunction","code":11,"comment":0,"blank":1},"file:///c%3A/Users/Flynn/AppData/Roaming/.minecraft/saves/Hexenwerk%20Dev/datapacks/Hexenwerk%20Datapack/data/hexenwerk/functions/blocks/dev_desk/destroy.mcfunction":{"language":"mcfunction","code":3,"comment":0,"blank":3},"file:///c%3A/Users/Flynn/AppData/Roaming/.minecraft/saves/Hexenwerk%20Dev/datapacks/Hexenwerk%20Datapack/data/hexenwerk/functions/blocks/magical_crafting_table/switch_mode/crafting.mcfunction":{"language":"mcfunction","code":3,"comment":0,"blank":6},"file:///c%3A/Users/Flynn/AppData/Roaming/.minecraft/saves/Hexenwerk%20Dev/datapacks/Hexenwerk%20Datapack/data/hexenwerk/functions/blocks/magical_crafting_table/gui/check_extra/wand.mcfunction":{"language":"mcfunction","code":73,"comment":0,"blank":6},"file:///c%3A/Users/Flynn/AppData/Roaming/.minecraft/saves/Hexenwerk%20Dev/datapacks/Hexenwerk%20Datapack/data/hexenwerk/functions/blocks/magical_crafting_table/gui/check_extra/magical.mcfunction":{"language":"mcfunction","code":55,"comment":0,"blank":6},"file:///c%3A/Users/Flynn/AppData/Roaming/.minecraft/saves/Hexenwerk%20Dev/datapacks/Hexenwerk%20Datapack/data/hexenwerk/functions/blocks/magical_crafting_table/gui/mask/main.mcfunction":{"language":"mcfunction","code":3,"comment":0,"blank":1},"file:///c%3A/Users/Flynn/AppData/Roaming/.minecraft/saves/Hexenwerk%20Dev/datapacks/Hexenwerk%20Datapack/data/hexenwerk/functions/blocks/magical_crafting_table/switch_mode/wand.mcfunction":{"language":"mcfunction","code":4,"comment":0,"blank":5},"file:///c%3A/Users/Flynn/AppData/Roaming/.minecraft/saves/Hexenwerk%20Dev/datapacks/Hexenwerk%20Datapack/data/hexenwerk/functions/blocks/magical_crafting_table/gui/mask/wand.mcfunction":{"language":"mcfunction","code":4,"comment":0,"blank":3},"file:///c%3A/Users/Flynn/AppData/Roaming/.minecraft/saves/Hexenwerk%20Dev/datapacks/Hexenwerk%20Datapack/data/hexenwerk/functions/blocks/magical_crafting_table/gui/mask/magical.mcfunction":{"language":"mcfunction","code":3,"comment":0,"blank":2},"file:///c%3A/Users/Flynn/AppData/Roaming/.minecraft/saves/Hexenwerk%20Dev/datapacks/Hexenwerk%20Datapack/data/hexenwerk/functions/blocks/magical_crafting_table/wand/remove_wand.mcfunction":{"language":"mcfunction","code":3,"comment":0,"blank":0},"file:///c%3A/Users/Flynn/AppData/Roaming/.minecraft/saves/Hexenwerk%20Dev/datapacks/Hexenwerk%20Datapack/data/hexenwerk/functions/blocks/magical_crafting_table/gui/mask/extended_wand.mcfunction":{"language":"mcfunction","code":4,"comment":0,"blank":3},"file:///c%3A/Users/Flynn/AppData/Roaming/.minecraft/saves/Hexenwerk%20Dev/datapacks/Hexenwerk%20Datapack/data/hexenwerk/functions/blocks/magical_crafting_table/wand/reapply_attunement_lore.mcfunction":{"language":"mcfunction","code":7,"comment":0,"blank":0},"file:///c%3A/Users/Flynn/AppData/Roaming/.minecraft/saves/Hexenwerk%20Dev/datapacks/Hexenwerk%20Datapack/data/hexenwerk/functions/blocks/magical_crafting_table/wand/main.mcfunction":{"language":"mcfunction","code":9,"comment":0,"blank":4},"file:///c%3A/Users/Flynn/AppData/Roaming/.minecraft/saves/Hexenwerk%20Dev/datapacks/Hexenwerk%20Datapack/data/hexenwerk/functions/blocks/magical_crafting_table/gui/check_extra/extended_wand.mcfunction":{"language":"mcfunction","code":67,"comment":0,"blank":6},"file:///c%3A/Users/Flynn/AppData/Roaming/.minecraft/saves/Hexenwerk%20Dev/datapacks/Hexenwerk%20Datapack/data/hexenwerk/functions/blocks/dev_desk/spells/main.mcfunction":{"language":"mcfunction","code":16,"comment":0,"blank":2},"file:///c%3A/Users/Flynn/AppData/Roaming/.minecraft/saves/Hexenwerk%20Dev/datapacks/Hexenwerk%20Datapack/data/hexenwerk/functions/blocks/magical_crafting_table/place.mcfunction":{"language":"mcfunction","code":6,"comment":0,"blank":13},"file:///c%3A/Users/Flynn/AppData/Roaming/.minecraft/saves/Hexenwerk%20Dev/datapacks/Hexenwerk%20Datapack/data/hexenwerk/functions/blocks/magical_crafting_table/main.mcfunction":{"language":"mcfunction","code":5,"comment":0,"blank":3},"file:///c%3A/Users/Flynn/AppData/Roaming/.minecraft/saves/Hexenwerk%20Dev/datapacks/Hexenwerk%20Datapack/data/hexenwerk/functions/blocks/magical_crafting_table/wand/apply/fourth.mcfunction":{"language":"mcfunction","code":7,"comment":0,"blank":1},"file:///c%3A/Users/Flynn/AppData/Roaming/.minecraft/saves/Hexenwerk%20Dev/datapacks/Hexenwerk%20Datapack/data/hexenwerk/functions/blocks/magical_crafting_table/wand/apply/main.mcfunction":{"language":"mcfunction","code":10,"comment":0,"blank":2},"file:///c%3A/Users/Flynn/AppData/Roaming/.minecraft/saves/Hexenwerk%20Dev/datapacks/Hexenwerk%20Datapack/data/hexenwerk/functions/blocks/magical_crafting_table/wand/apply/first.mcfunction":{"language":"mcfunction","code":7,"comment":0,"blank":1},"file:///c%3A/Users/Flynn/AppData/Roaming/.minecraft/saves/Hexenwerk%20Dev/datapacks/Hexenwerk%20Datapack/data/hexenwerk/functions/wand/spells/raycast/spells_impact/utility/find_ground.mcfunction":{"language":"mcfunction","code":2,"comment":0,"blank":0},"file:///c%3A/Users/Flynn/AppData/Roaming/.minecraft/saves/Hexenwerk%20Dev/datapacks/Hexenwerk%20Datapack/data/hexenwerk/functions/blocks/spell_blocker/destroy.mcfunction":{"language":"mcfunction","code":2,"comment":0,"blank":1},"file:///c%3A/Users/Flynn/AppData/Roaming/.minecraft/saves/Hexenwerk%20Dev/datapacks/Hexenwerk%20Datapack/data/hexenwerk/functions/blocks/magical_crafting_table/wand/apply/fifth.mcfunction":{"language":"mcfunction","code":7,"comment":0,"blank":1},"file:///c%3A/Users/Flynn/AppData/Roaming/.minecraft/saves/Hexenwerk%20Dev/datapacks/Hexenwerk%20Datapack/data/hexenwerk/functions/blocks/spell_blocker/place.mcfunction":{"language":"mcfunction","code":3,"comment":0,"blank":2},"file:///c%3A/Users/Flynn/AppData/Roaming/.minecraft/saves/Hexenwerk%20Dev/datapacks/Hexenwerk%20Datapack/data/hexenwerk/functions/blocks/magical_crafting_table/destroy.mcfunction":{"language":"mcfunction","code":5,"comment":0,"blank":3},"file:///c%3A/Users/Flynn/AppData/Roaming/.minecraft/saves/Hexenwerk%20Dev/datapacks/Hexenwerk%20Datapack/data/hexenwerk/functions/blocks/spell_blocker/main.mcfunction":{"language":"mcfunction","code":9,"comment":0,"blank":0},"file:///c%3A/Users/Flynn/AppData/Roaming/.minecraft/saves/Hexenwerk%20Dev/datapacks/Hexenwerk%20Datapack/data/hexenwerk/functions/dev/dev_stone/swap_spell/up.mcfunction":{"language":"mcfunction","code":7,"comment":0,"blank":0},"file:///c%3A/Users/Flynn/AppData/Roaming/.minecraft/saves/Hexenwerk%20Dev/datapacks/Hexenwerk%20Datapack/data/hexenwerk/functions/wand/spells/raycast/spells_impact/ignis_temptates.mcfunction":{"language":"mcfunction","code":3,"comment":0,"blank":0},"file:///c%3A/Users/Flynn/AppData/Roaming/.minecraft/saves/Hexenwerk%20Dev/datapacks/Hexenwerk%20Datapack/data/hexenwerk/functions/blocks/magical_crafting_table/wand/apply/second.mcfunction":{"language":"mcfunction","code":7,"comment":0,"blank":1},"file:///c%3A/Users/Flynn/AppData/Roaming/.minecraft/saves/Hexenwerk%20Dev/datapacks/Hexenwerk%20Datapack/data/hexenwerk/functions/dev/dev_stone/swap_spell/down.mcfunction":{"language":"mcfunction","code":7,"comment":0,"blank":0},"file:///c%3A/Users/Flynn/AppData/Roaming/.minecraft/saves/Hexenwerk%20Dev/datapacks/Hexenwerk%20Datapack/data/hexenwerk/functions/config/mana_regen/reset.mcfunction":{"language":"mcfunction","code":2,"comment":0,"blank":2},"file:///c%3A/Users/Flynn/AppData/Roaming/.minecraft/saves/Hexenwerk%20Dev/datapacks/Hexenwerk%20Datapack/data/hexenwerk/functions/blocks/magical_crafting_table/switch_mode/remove_items/magical.mcfunction":{"language":"mcfunction","code":57,"comment":0,"blank":4},"file:///c%3A/Users/Flynn/AppData/Roaming/.minecraft/saves/Hexenwerk%20Dev/datapacks/Hexenwerk%20Datapack/data/hexenwerk/functions/blocks/magical_crafting_table/wand/apply/third.mcfunction":{"language":"mcfunction","code":7,"comment":0,"blank":1},"file:///c%3A/Users/Flynn/AppData/Roaming/.minecraft/saves/Hexenwerk%20Dev/datapacks/Hexenwerk%20Datapack/data/hexenwerk/functions/blocks/magical_crafting_table/switch_mode/remove_items/crafting.mcfunction":{"language":"mcfunction","code":33,"comment":0,"blank":7},"file:///c%3A/Users/Flynn/AppData/Roaming/.minecraft/saves/Hexenwerk%20Dev/datapacks/Hexenwerk%20Datapack/data/hexenwerk/functions/blocks/magical_crafting_table/magical/remove_crafting_output_tag.mcfunction":{"language":"mcfunction","code":0,"comment":0,"blank":1},"file:///c%3A/Users/Flynn/AppData/Roaming/.minecraft/saves/Hexenwerk%20Dev/datapacks/Hexenwerk%20Datapack/data/hexenwerk/functions/blocks/magical_crafting_table/magical/replace_missplaced_output.mcfunction":{"language":"mcfunction","code":6,"comment":0,"blank":0},"file:///c%3A/Users/Flynn/AppData/Roaming/.minecraft/saves/Hexenwerk%20Dev/datapacks/Hexenwerk%20Datapack/data/hexenwerk/functions/blocks/magical_crafting_table/magical/main.mcfunction":{"language":"mcfunction","code":11,"comment":0,"blank":3},"file:///c%3A/Users/Flynn/AppData/Roaming/.minecraft/saves/Hexenwerk%20Dev/datapacks/Hexenwerk%20Datapack/data/hexenwerk/functions/blocks/magical_crafting_table/wand/apply/remove/third.mcfunction":{"language":"mcfunction","code":7,"comment":0,"blank":1},"file:///c%3A/Users/Flynn/AppData/Roaming/.minecraft/saves/Hexenwerk%20Dev/datapacks/Hexenwerk%20Datapack/data/hexenwerk/functions/blocks/magical_crafting_table/wand/apply/remove/second.mcfunction":{"language":"mcfunction","code":7,"comment":0,"blank":2},"file:///c%3A/Users/Flynn/AppData/Roaming/.minecraft/saves/Hexenwerk%20Dev/datapacks/Hexenwerk%20Datapack/data/hexenwerk/functions/blocks/magical_crafting_table/wand/apply/remove/first.mcfunction":{"language":"mcfunction","code":7,"comment":0,"blank":1},"file:///c%3A/Users/Flynn/AppData/Roaming/.minecraft/saves/Hexenwerk%20Dev/datapacks/Hexenwerk%20Datapack/data/hexenwerk/functions/blocks/magical_crafting_table/wand/apply/remove/fourth.mcfunction":{"language":"mcfunction","code":7,"comment":0,"blank":2},"file:///c%3A/Users/Flynn/AppData/Roaming/.minecraft/saves/Hexenwerk%20Dev/datapacks/Hexenwerk%20Datapack/data/hexenwerk/functions/blocks/magical_crafting_table/magical/check_recipes.mcfunction":{"language":"mcfunction","code":52,"comment":15,"blank":17},"file:///c%3A/Users/Flynn/AppData/Roaming/.minecraft/saves/Hexenwerk%20Dev/datapacks/Hexenwerk%20Datapack/data/hexenwerk/functions/blocks/magical_crafting_table/wand/load_books/third.mcfunction":{"language":"mcfunction","code":8,"comment":0,"blank":1},"file:///c%3A/Users/Flynn/AppData/Roaming/.minecraft/saves/Hexenwerk%20Dev/datapacks/Hexenwerk%20Datapack/data/hexenwerk/functions/blocks/magical_crafting_table/wand/apply/remove/fifth.mcfunction":{"language":"mcfunction","code":7,"comment":0,"blank":2},"file:///c%3A/Users/Flynn/AppData/Roaming/.minecraft/saves/Hexenwerk%20Dev/datapacks/Hexenwerk%20Datapack/data/hexenwerk/functions/blocks/magical_crafting_table/wand/load_books/second.mcfunction":{"language":"mcfunction","code":8,"comment":0,"blank":1},"file:///c%3A/Users/Flynn/AppData/Roaming/.minecraft/saves/Hexenwerk%20Dev/datapacks/Hexenwerk%20Datapack/data/hexenwerk/functions/blocks/magical_crafting_table/wand/load_books/main.mcfunction":{"language":"mcfunction","code":11,"comment":0,"blank":1},"file:///c%3A/Users/Flynn/AppData/Roaming/.minecraft/saves/Hexenwerk%20Dev/datapacks/Hexenwerk%20Datapack/data/hexenwerk/functions/blocks/magical_crafting_table/wand/load_books/fourth.mcfunction":{"language":"mcfunction","code":8,"comment":0,"blank":1},"file:///c%3A/Users/Flynn/AppData/Roaming/.minecraft/saves/Hexenwerk%20Dev/datapacks/Hexenwerk%20Datapack/data/hexenwerk/functions/blocks/magical_crafting_table/wand/load_books/first.mcfunction":{"language":"mcfunction","code":8,"comment":0,"blank":1},"file:///c%3A/Users/Flynn/AppData/Roaming/.minecraft/saves/Hexenwerk%20Dev/datapacks/Hexenwerk%20Datapack/data/hexenwerk/functions/wand/spells/raycast/spells_impact/glacius/init.mcfunction":{"language":"mcfunction","code":5,"comment":0,"blank":1},"file:///c%3A/Users/Flynn/AppData/Roaming/.minecraft/saves/Hexenwerk%20Dev/datapacks/Hexenwerk%20Datapack/data/hexenwerk/functions/wand/spells/raycast/spells_impact/glacius/main.mcfunction":{"language":"mcfunction","code":3,"comment":0,"blank":1},"file:///c%3A/Users/Flynn/AppData/Roaming/.minecraft/saves/Hexenwerk%20Dev/datapacks/Hexenwerk%20Datapack/data/hexenwerk/functions/blocks/magical_crafting_table/wand/load_books/fifth.mcfunction":{"language":"mcfunction","code":8,"comment":0,"blank":1},"file:///c%3A/Users/Flynn/AppData/Roaming/.minecraft/saves/Hexenwerk%20Dev/datapacks/Hexenwerk%20Datapack/data/hexenwerk/functions/wand/spells/no_raycast/spells_effect/commovus_motus/main.mcfunction":{"language":"mcfunction","code":2,"comment":0,"blank":0},"file:///c%3A/Users/Flynn/AppData/Roaming/.minecraft/saves/Hexenwerk%20Dev/datapacks/Hexenwerk%20Datapack/data/hexenwerk/functions/blocks/dev_desk/blocks/main.mcfunction":{"language":"mcfunction","code":5,"comment":0,"blank":0},"file:///c%3A/Users/Flynn/AppData/Roaming/.minecraft/saves/Hexenwerk%20Dev/datapacks/Hexenwerk%20Datapack/data/hexenwerk/functions/wand/spells/no_raycast/spells_effect/commovus_motus/init.mcfunction":{"language":"mcfunction","code":7,"comment":0,"blank":1},"file:///c%3A/Users/Flynn/AppData/Roaming/.minecraft/saves/Hexenwerk%20Dev/datapacks/Hexenwerk%20Datapack/data/hexenwerk/functions/wand/spells/no_raycast/spells_effect/commovus.mcfunction":{"language":"mcfunction","code":5,"comment":0,"blank":5},"file:///c%3A/Users/Flynn/AppData/Roaming/.minecraft/saves/Hexenwerk%20Dev/datapacks/Hexenwerk%20Datapack/data/hexenwerk/functions/config/mana_regen/remove_ten.mcfunction":{"language":"mcfunction","code":2,"comment":0,"blank":2},"file:///c%3A/Users/Flynn/AppData/Roaming/.minecraft/saves/Hexenwerk%20Dev/datapacks/Hexenwerk%20Datapack/data/hexenwerk/functions/config/mana_regen/remove_one.mcfunction":{"language":"mcfunction","code":2,"comment":0,"blank":2},"file:///c%3A/Users/Flynn/AppData/Roaming/.minecraft/saves/Hexenwerk%20Dev/datapacks/Hexenwerk%20Datapack/data/hexenwerk/functions/blocks/magical_crafting_table/wand/load_books/kick_items/first.mcfunction":{"language":"mcfunction","code":6,"comment":0,"blank":1},"file:///c%3A/Users/Flynn/AppData/Roaming/.minecraft/saves/Hexenwerk%20Dev/datapacks/Hexenwerk%20Datapack/data/hexenwerk/functions/blocks/magical_crafting_table/wand/load_books/kick_items/fourth.mcfunction":{"language":"mcfunction","code":6,"comment":0,"blank":1},"file:///c%3A/Users/Flynn/AppData/Roaming/.minecraft/saves/Hexenwerk%20Dev/datapacks/Hexenwerk%20Datapack/data/hexenwerk/functions/config/mana_regen/add_ten.mcfunction":{"language":"mcfunction","code":2,"comment":0,"blank":2},"file:///c%3A/Users/Flynn/AppData/Roaming/.minecraft/saves/Hexenwerk%20Dev/datapacks/Hexenwerk%20Datapack/data/hexenwerk/functions/blocks/magical_crafting_table/wand/load_books/kick_items/main.mcfunction":{"language":"mcfunction","code":3,"comment":0,"blank":0},"file:///c%3A/Users/Flynn/AppData/Roaming/.minecraft/saves/Hexenwerk%20Dev/datapacks/Hexenwerk%20Datapack/data/hexenwerk/functions/blocks/magical_crafting_table/wand/load_books/kick_items/fifth.mcfunction":{"language":"mcfunction","code":6,"comment":0,"blank":0},"file:///c%3A/Users/Flynn/AppData/Roaming/.minecraft/saves/Hexenwerk%20Dev/datapacks/Hexenwerk%20Datapack/data/hexenwerk/functions/wand/spells/no_raycast/spells_effect/circulum_sanitatem.mcfunction":{"language":"mcfunction","code":2,"comment":0,"blank":3},"file:///c%3A/Users/Flynn/AppData/Roaming/.minecraft/saves/Hexenwerk%20Dev/datapacks/Hexenwerk%20Datapack/data/hexenwerk/functions/config/mana_regen/add_one.mcfunction":{"language":"mcfunction","code":2,"comment":0,"blank":2},"file:///c%3A/Users/Flynn/AppData/Roaming/.minecraft/saves/Hexenwerk%20Dev/datapacks/Hexenwerk%20Datapack/data/hexenwerk/functions/wand/spells/no_raycast/spells_effect/amogius.mcfunction":{"language":"mcfunction","code":1,"comment":0,"blank":2},"file:///c%3A/Users/Flynn/AppData/Roaming/.minecraft/saves/Hexenwerk%20Dev/datapacks/Hexenwerk%20Datapack/data/hexenwerk/functions/wand/spells/no_raycast/spells_effect/auxiliare.mcfunction":{"language":"mcfunction","code":4,"comment":0,"blank":3},"file:///c%3A/Users/Flynn/AppData/Roaming/.minecraft/saves/Hexenwerk%20Dev/datapacks/Hexenwerk%20Datapack/data/hexenwerk/functions/config/mana_max/reset.mcfunction":{"language":"mcfunction","code":3,"comment":0,"blank":2},"file:///c%3A/Users/Flynn/AppData/Roaming/.minecraft/saves/Hexenwerk%20Dev/datapacks/Hexenwerk%20Datapack/data/hexenwerk/functions/config/mana_max/remove_one.mcfunction":{"language":"mcfunction","code":3,"comment":0,"blank":2},"file:///c%3A/Users/Flynn/AppData/Roaming/.minecraft/saves/Hexenwerk%20Dev/datapacks/Hexenwerk%20Datapack/data/hexenwerk/functions/blocks/magical_crafting_table/wand/load_books/kick_items/second.mcfunction":{"language":"mcfunction","code":6,"comment":0,"blank":0},"file:///c%3A/Users/Flynn/AppData/Roaming/.minecraft/saves/Hexenwerk%20Dev/datapacks/Hexenwerk%20Datapack/data/hexenwerk/functions/config/mana_max/remove_ten.mcfunction":{"language":"mcfunction","code":3,"comment":0,"blank":2},"file:///c%3A/Users/Flynn/AppData/Roaming/.minecraft/saves/Hexenwerk%20Dev/datapacks/Hexenwerk%20Datapack/data/hexenwerk/functions/config/mana_max/add_ten.mcfunction":{"language":"mcfunction","code":3,"comment":0,"blank":2},"file:///c%3A/Users/Flynn/AppData/Roaming/.minecraft/saves/Hexenwerk%20Dev/datapacks/Hexenwerk%20Datapack/data/hexenwerk/functions/config/mana_max/add_one.mcfunction":{"language":"mcfunction","code":3,"comment":0,"blank":2},"file:///c%3A/Users/Flynn/AppData/Roaming/.minecraft/saves/Hexenwerk%20Dev/datapacks/Hexenwerk%20Datapack/data/hexenwerk/advancements/magical_crafting_table.json":{"language":"JSON","code":34,"comment":0,"blank":0},"file:///c%3A/Users/Flynn/AppData/Roaming/.minecraft/saves/Hexenwerk%20Dev/datapacks/Hexenwerk%20Datapack/data/hexenwerk/functions/blocks/magical_crafting_table/wand/load_books/kick_items/third.mcfunction":{"language":"mcfunction","code":6,"comment":0,"blank":1},"file:///c%3A/Users/Flynn/AppData/Roaming/.minecraft/saves/Hexenwerk%20Dev/datapacks/Hexenwerk%20Datapack/data/hexenwerk/damage_type/terrae_motus.json":{"language":"JSON","code":5,"comment":0,"blank":1},"file:///c%3A/Users/Flynn/AppData/Roaming/.minecraft/saves/Hexenwerk%20Dev/datapacks/Hexenwerk%20Datapack/data/hexenwerk/functions/wand/spells/raycast/spells_impact/commovus_motus/main.mcfunction":{"language":"mcfunction","code":1,"comment":0,"blank":0},"file:///c%3A/Users/Flynn/AppData/Roaming/.minecraft/saves/Hexenwerk%20Dev/datapacks/Hexenwerk%20Datapack/data/hexenwerk/functions/blocks/magical_crafting_table/magical/craft/aguamenti.mcfunction":{"language":"mcfunction","code":4,"comment":0,"blank":1},"file:///c%3A/Users/Flynn/AppData/Roaming/.minecraft/saves/Hexenwerk%20Dev/datapacks/Hexenwerk%20Datapack/data/hexenwerk/functions/wand/spells/raycast/spells_impact/commovus_motus/init.mcfunction":{"language":"mcfunction","code":6,"comment":0,"blank":0},"file:///c%3A/Users/Flynn/AppData/Roaming/.minecraft/saves/Hexenwerk%20Dev/datapacks/Hexenwerk%20Datapack/data/hexenwerk/functions/wand/spells/raycast/spells_impact/block/iunior.mcfunction":{"language":"mcfunction","code":1,"comment":0,"blank":2},"file:///c%3A/Users/Flynn/AppData/Roaming/.minecraft/saves/Hexenwerk%20Dev/datapacks/Hexenwerk%20Datapack/data/hexenwerk/predicates/armor/armor_modifiers/head.json":{"language":"JSON","code":11,"comment":0,"blank":1},"file:///c%3A/Users/Flynn/AppData/Roaming/.minecraft/saves/Hexenwerk%20Dev/datapacks/Hexenwerk%20Datapack/data/hexenwerk/predicates/armor/armor_modifiers/legs.json":{"language":"JSON","code":11,"comment":0,"blank":1},"file:///c%3A/Users/Flynn/AppData/Roaming/.minecraft/saves/Hexenwerk%20Dev/datapacks/Hexenwerk%20Datapack/data/hexenwerk/predicates/armor/armor_modifiers/feet.json":{"language":"JSON","code":11,"comment":0,"blank":1},"file:///c%3A/Users/Flynn/AppData/Roaming/.minecraft/saves/Hexenwerk%20Dev/datapacks/Hexenwerk%20Datapack/data/hexenwerk/predicates/armor/armor_modifiers/chest.json":{"language":"JSON","code":11,"comment":0,"blank":1},"file:///c%3A/Users/Flynn/AppData/Roaming/.minecraft/saves/Hexenwerk%20Dev/datapacks/Hexenwerk%20Datapack/data/hexenwerk/functions/wand/spells/raycast/spells_impact/block/ardo.mcfunction":{"language":"mcfunction","code":3,"comment":0,"blank":1},"file:///c%3A/Users/Flynn/AppData/Roaming/.minecraft/saves/Hexenwerk%20Dev/datapacks/Hexenwerk%20Datapack/data/hexenwerk/functions/wand/spells/raycast/spells_impact/block/attonus.mcfunction":{"language":"mcfunction","code":3,"comment":0,"blank":2},"file:///c%3A/Users/Flynn/AppData/Roaming/.minecraft/saves/Hexenwerk%20Dev/datapacks/Hexenwerk%20Datapack/data/hexenwerk/functions/blocks/magical_crafting_table/magical/craft/wingardium_leviosa.mcfunction":{"language":"mcfunction","code":4,"comment":0,"blank":1},"file:///c%3A/Users/Flynn/AppData/Roaming/.minecraft/saves/Hexenwerk%20Dev/datapacks/Hexenwerk%20Datapack/data/hexenwerk/functions/wand/spells/raycast/spells_impact/block/wingardium_leviosa.mcfunction":{"language":"mcfunction","code":3,"comment":0,"blank":2},"file:///c%3A/Users/Flynn/AppData/Roaming/.minecraft/saves/Hexenwerk%20Dev/datapacks/Hexenwerk%20Datapack/data/hexenwerk/functions/wand/spells/raycast/spells_impact/block/aguamenti.mcfunction":{"language":"mcfunction","code":6,"comment":0,"blank":2},"file:///c%3A/Users/Flynn/AppData/Roaming/.minecraft/saves/Hexenwerk%20Dev/datapacks/Hexenwerk%20Datapack/data/hexenwerk/functions/blocks/magical_crafting_table/magical/craft/terrae_motus.mcfunction":{"language":"mcfunction","code":4,"comment":0,"blank":1},"file:///c%3A/Users/Flynn/AppData/Roaming/.minecraft/saves/Hexenwerk%20Dev/datapacks/Hexenwerk%20Datapack/data/hexenwerk/functions/blocks/magical_crafting_table/magical/craft/wand.mcfunction":{"language":"mcfunction","code":4,"comment":0,"blank":1},"file:///c%3A/Users/Flynn/AppData/Roaming/.minecraft/saves/Hexenwerk%20Dev/datapacks/Hexenwerk%20Datapack/data/hexenwerk/functions/blocks/magical_crafting_table/magical/craft/magical_crystal.mcfunction":{"language":"mcfunction","code":4,"comment":0,"blank":1},"file:///c%3A/Users/Flynn/AppData/Roaming/.minecraft/saves/Hexenwerk%20Dev/datapacks/Hexenwerk%20Datapack/data/hexenwerk/functions/blocks/magical_crafting_table/magical/craft/iunior.mcfunction":{"language":"mcfunction","code":4,"comment":0,"blank":1},"file:///c%3A/Users/Flynn/AppData/Roaming/.minecraft/saves/Hexenwerk%20Dev/datapacks/Hexenwerk%20Datapack/data/hexenwerk/functions/wand/spells/raycast/spells_impact/entity/wingardium_leviosa.mcfunction":{"language":"mcfunction","code":2,"comment":0,"blank":3},"file:///c%3A/Users/Flynn/AppData/Roaming/.minecraft/saves/Hexenwerk%20Dev/datapacks/Hexenwerk%20Datapack/data/hexenwerk/functions/blocks/magical_crafting_table/magical/craft/magical_crafting_table.mcfunction":{"language":"mcfunction","code":4,"comment":0,"blank":1},"file:///c%3A/Users/Flynn/AppData/Roaming/.minecraft/saves/Hexenwerk%20Dev/datapacks/Hexenwerk%20Datapack/data/hexenwerk/functions/blocks/magical_crafting_table/magical/craft/ignis_temptates.mcfunction":{"language":"mcfunction","code":4,"comment":0,"blank":1},"file:///c%3A/Users/Flynn/AppData/Roaming/.minecraft/saves/Hexenwerk%20Dev/datapacks/Hexenwerk%20Datapack/data/hexenwerk/functions/wand/spells/raycast/spells_impact/entity/iunior.mcfunction":{"language":"mcfunction","code":6,"comment":0,"blank":3},"file:///c%3A/Users/Flynn/AppData/Roaming/.minecraft/saves/Hexenwerk%20Dev/datapacks/Hexenwerk%20Datapack/data/hexenwerk/functions/blocks/magical_crafting_table/magical/craft/generic.mcfunction":{"language":"mcfunction","code":4,"comment":0,"blank":1},"file:///c%3A/Users/Flynn/AppData/Roaming/.minecraft/saves/Hexenwerk%20Dev/datapacks/Hexenwerk%20Datapack/data/hexenwerk/functions/wand/spells/raycast/spells_impact/entity/consedo.mcfunction":{"language":"mcfunction","code":2,"comment":0,"blank":2},"file:///c%3A/Users/Flynn/AppData/Roaming/.minecraft/saves/Hexenwerk%20Dev/datapacks/Hexenwerk%20Datapack/data/hexenwerk/functions/blocks/magical_crafting_table/magical/craft/consedo.mcfunction":{"language":"mcfunction","code":4,"comment":0,"blank":1},"file:///c%3A/Users/Flynn/AppData/Roaming/.minecraft/saves/Hexenwerk%20Dev/datapacks/Hexenwerk%20Datapack/data/hexenwerk/functions/blocks/magical_crafting_table/magical/craft/commovus.mcfunction":{"language":"mcfunction","code":4,"comment":0,"blank":1},"file:///c%3A/Users/Flynn/AppData/Roaming/.minecraft/saves/Hexenwerk%20Dev/datapacks/Hexenwerk%20Datapack/data/hexenwerk/functions/wand/spells/raycast/spells_impact/entity/ardo.mcfunction":{"language":"mcfunction","code":3,"comment":0,"blank":4},"file:///c%3A/Users/Flynn/AppData/Roaming/.minecraft/saves/Hexenwerk%20Dev/datapacks/Hexenwerk%20Datapack/data/hexenwerk/functions/wand/spells/raycast/spells_impact/entity/attonus.mcfunction":{"language":"mcfunction","code":3,"comment":0,"blank":2},"file:///c%3A/Users/Flynn/AppData/Roaming/.minecraft/saves/Hexenwerk%20Dev/datapacks/Hexenwerk%20Datapack/data/hexenwerk/functions/wand/spells/raycast/spells_impact/entity/aguamenti.mcfunction":{"language":"mcfunction","code":4,"comment":0,"blank":2},"file:///c%3A/Users/Flynn/AppData/Roaming/.minecraft/saves/Hexenwerk%20Dev/datapacks/Hexenwerk%20Datapack/data/hexenwerk/functions/blocks/magical_crafting_table/magical/craft/circulum_sanitatem.mcfunction":{"language":"mcfunction","code":4,"comment":0,"blank":1},"file:///c%3A/Users/Flynn/AppData/Roaming/.minecraft/saves/Hexenwerk%20Dev/datapacks/Hexenwerk%20Datapack/data/hexenwerk/functions/blocks/magical_crafting_table/magical/craft/attonus.mcfunction":{"language":"mcfunction","code":4,"comment":0,"blank":1},"file:///c%3A/Users/Flynn/AppData/Roaming/.minecraft/saves/Hexenwerk%20Dev/datapacks/Hexenwerk%20Datapack/data/hexenwerk/damage_type/ignis_temptates.json":{"language":"JSON","code":6,"comment":0,"blank":1},"file:///c%3A/Users/Flynn/AppData/Roaming/.minecraft/saves/Hexenwerk%20Dev/datapacks/Hexenwerk%20Datapack/data/hexenwerk/functions/blocks/magical_crafting_table/magical/craft/auxiliare.mcfunction":{"language":"mcfunction","code":4,"comment":0,"blank":0},"file:///c%3A/Users/Flynn/AppData/Roaming/.minecraft/saves/Hexenwerk%20Dev/datapacks/Hexenwerk%20Datapack/data/hexenwerk/item_modifiers/update/wand/attunement.json":{"language":"JSON","code":6,"comment":0,"blank":1},"file:///c%3A/Users/Flynn/AppData/Roaming/.minecraft/saves/Hexenwerk%20Dev/datapacks/Hexenwerk%20Datapack/data/hexenwerk/functions/blocks/magical_crafting_table/magical/craft/ardo.mcfunction":{"language":"mcfunction","code":4,"comment":0,"blank":1},"file:///c%3A/Users/Flynn/AppData/Roaming/.minecraft/saves/Hexenwerk%20Dev/datapacks/Hexenwerk%20Datapack/data/hexenwerk/functions/wand/spells/raycast/spells_impact/block/consedo/main.mcfunction":{"language":"mcfunction","code":1,"comment":0,"blank":2},"file:///c%3A/Users/Flynn/AppData/Roaming/.minecraft/saves/Hexenwerk%20Dev/datapacks/Hexenwerk%20Datapack/data/hexenwerk/functions/wand/spells/raycast/spells_impact/block/consedo/init.mcfunction":{"language":"mcfunction","code":4,"comment":0,"blank":1},"file:///c%3A/Users/Flynn/AppData/Roaming/.minecraft/saves/Hexenwerk%20Dev/datapacks/Hexenwerk%20Datapack/data/hexenwerk/item_modifiers/swap_wand_slot/fifth.json":{"language":"JSON","code":6,"comment":0,"blank":1},"file:///c%3A/Users/Flynn/AppData/Roaming/.minecraft/saves/Hexenwerk%20Dev/datapacks/Hexenwerk%20Datapack/data/hexenwerk/damage_type/glacius.json":{"language":"JSON","code":6,"comment":0,"blank":1},"file:///c%3A/Users/Flynn/AppData/Roaming/.minecraft/saves/Hexenwerk%20Dev/datapacks/Hexenwerk%20Datapack/data/hexenwerk/item_modifiers/remove_crafting_output_tag.json":{"language":"JSON","code":6,"comment":0,"blank":1},"file:///c%3A/Users/Flynn/AppData/Roaming/.minecraft/saves/Hexenwerk%20Dev/datapacks/Hexenwerk%20Datapack/data/hexenwerk/item_modifiers/swap_wand_slot/first.json":{"language":"JSON","code":6,"comment":0,"blank":1},"file:///c%3A/Users/Flynn/AppData/Roaming/.minecraft/saves/Hexenwerk%20Dev/datapacks/Hexenwerk%20Datapack/data/hexenwerk/functions/blocks/magical_crafting_table/magical/craft/remove_output/main.mcfunction":{"language":"mcfunction","code":19,"comment":0,"blank":0},"file:///c%3A/Users/Flynn/AppData/Roaming/.minecraft/saves/Hexenwerk%20Dev/datapacks/Hexenwerk%20Datapack/data/hexenwerk/functions/blocks/magical_crafting_table/magical/craft/remove_output/substract/1.mcfunction":{"language":"mcfunction","code":3,"comment":0,"blank":1},"file:///c%3A/Users/Flynn/AppData/Roaming/.minecraft/saves/Hexenwerk%20Dev/datapacks/Hexenwerk%20Datapack/data/hexenwerk/advancements/crystal.json":{"language":"JSON","code":34,"comment":0,"blank":0},"file:///c%3A/Users/Flynn/AppData/Roaming/.minecraft/saves/Hexenwerk%20Dev/datapacks/Hexenwerk%20Datapack/data/hexenwerk/functions/blocks/magical_crafting_table/magical/craft/remove_output/substract/0.mcfunction":{"language":"mcfunction","code":3,"comment":0,"blank":0},"file:///c%3A/Users/Flynn/AppData/Roaming/.minecraft/saves/Hexenwerk%20Dev/datapacks/Hexenwerk%20Datapack/data/hexenwerk/functions/blocks/magical_crafting_table/magical/craft/remove_output/substract/7.mcfunction":{"language":"mcfunction","code":3,"comment":0,"blank":0},"file:///c%3A/Users/Flynn/AppData/Roaming/.minecraft/saves/Hexenwerk%20Dev/datapacks/Hexenwerk%20Datapack/data/hexenwerk/functions/animations/main.mcfunction":{"language":"mcfunction","code":3,"comment":0,"blank":0},"file:///c%3A/Users/Flynn/AppData/Roaming/.minecraft/saves/Hexenwerk%20Dev/datapacks/Hexenwerk%20Datapack/data/hexenwerk/functions/blocks/magical_crafting_table/magical/craft/remove_output/substract/8.mcfunction":{"language":"mcfunction","code":3,"comment":0,"blank":0},"file:///c%3A/Users/Flynn/AppData/Roaming/.minecraft/saves/Hexenwerk%20Dev/datapacks/Hexenwerk%20Datapack/data/hexenwerk/functions/blocks/magical_crafting_table/magical/craft/remove_output/substract/6.mcfunction":{"language":"mcfunction","code":3,"comment":0,"blank":0},"file:///c%3A/Users/Flynn/AppData/Roaming/.minecraft/saves/Hexenwerk%20Dev/datapacks/Hexenwerk%20Datapack/data/hexenwerk/functions/blocks/magical_crafting_table/magical/craft/remove_output/substract/5.mcfunction":{"language":"mcfunction","code":3,"comment":0,"blank":0},"file:///c%3A/Users/Flynn/AppData/Roaming/.minecraft/saves/Hexenwerk%20Dev/datapacks/Hexenwerk%20Datapack/data/hexenwerk/item_modifiers/swap_wand_slot/second.json":{"language":"JSON","code":6,"comment":0,"blank":1},"file:///c%3A/Users/Flynn/AppData/Roaming/.minecraft/saves/Hexenwerk%20Dev/datapacks/Hexenwerk%20Datapack/data/hexenwerk/item_modifiers/swap_wand_slot/third.json":{"language":"JSON","code":6,"comment":0,"blank":1},"file:///c%3A/Users/Flynn/AppData/Roaming/.minecraft/saves/Hexenwerk%20Dev/datapacks/Hexenwerk%20Datapack/data/hexenwerk/functions/blocks/magical_crafting_table/magical/craft/remove_output/substract/4.mcfunction":{"language":"mcfunction","code":3,"comment":0,"blank":0},"file:///c%3A/Users/Flynn/AppData/Roaming/.minecraft/saves/Hexenwerk%20Dev/datapacks/Hexenwerk%20Datapack/data/hexenwerk/functions/blocks/magical_crafting_table/magical/craft/remove_output/substract/3.mcfunction":{"language":"mcfunction","code":3,"comment":0,"blank":0},"file:///c%3A/Users/Flynn/AppData/Roaming/.minecraft/saves/Hexenwerk%20Dev/datapacks/Hexenwerk%20Datapack/data/hexenwerk/item_modifiers/swap_wand_slot/fourth.json":{"language":"JSON","code":6,"comment":0,"blank":1},"file:///c%3A/Users/Flynn/AppData/Roaming/.minecraft/saves/Hexenwerk%20Dev/datapacks/Hexenwerk%20Datapack/data/hexenwerk/functions/blocks/magical_crafting_table/magical/craft/remove_output/substract/2.mcfunction":{"language":"mcfunction","code":3,"comment":0,"blank":1},"file:///c%3A/Users/Flynn/AppData/Roaming/.minecraft/saves/Hexenwerk%20Dev/datapacks/Hexenwerk%20Datapack/data/hexenwerk/advancements/craft/wand.json":{"language":"JSON","code":14,"comment":0,"blank":1},"file:///c%3A/Users/Flynn/AppData/Roaming/.minecraft/saves/Hexenwerk%20Dev/datapacks/Hexenwerk%20Datapack/data/hexenwerk/advancements/craft/magical_crystal.json":{"language":"JSON","code":14,"comment":0,"blank":1},"file:///c%3A/Users/Flynn/AppData/Roaming/.minecraft/saves/Hexenwerk%20Dev/datapacks/Hexenwerk%20Datapack/data/hexenwerk/advancements/craft/magical_crafting_table.json":{"language":"JSON","code":14,"comment":0,"blank":1},"file:///c%3A/Users/Flynn/AppData/Roaming/.minecraft/saves/Hexenwerk%20Dev/datapacks/Hexenwerk%20Datapack/data/hexenwerk/functions/amulets/main.mcfunction":{"language":"mcfunction","code":0,"comment":0,"blank":1},"file:///c%3A/Users/Flynn/AppData/Roaming/.minecraft/saves/Hexenwerk%20Dev/datapacks/Hexenwerk%20Datapack/data/hexenwerk/predicates/flags/has_regen.json":{"language":"JSON","code":10,"comment":0,"blank":1},"file:///c%3A/Users/Flynn/AppData/Roaming/.minecraft/saves/Hexenwerk%20Dev/datapacks/Hexenwerk%20Datapack/data/hexenwerk/predicates/flags/is_sneaking.json":{"language":"JSON","code":9,"comment":0,"blank":1},"file:///c%3A/Users/Flynn/AppData/Roaming/.minecraft/saves/Hexenwerk%20Dev/datapacks/Hexenwerk%20Datapack/data/hexenwerk/predicates/flags/is_in_nether.json":{"language":"JSON","code":9,"comment":0,"blank":1},"file:///c%3A/Users/Flynn/AppData/Roaming/.minecraft/saves/Hexenwerk%20Dev/datapacks/Hexenwerk%20Datapack/data/hexenwerk/item_modifiers/dev_stone/to_dev.json":{"language":"JSON","code":6,"comment":0,"blank":1},"file:///c%3A/Users/Flynn/AppData/Roaming/.minecraft/saves/Hexenwerk%20Dev/datapacks/Hexenwerk%20Datapack/data/hexenwerk/predicates/display/normal.json":{"language":"JSON","code":39,"comment":0,"blank":1},"file:///c%3A/Users/Flynn/AppData/Roaming/.minecraft/saves/Hexenwerk%20Dev/datapacks/Hexenwerk%20Datapack/data/hexenwerk/predicates/display/water.json":{"language":"JSON","code":47,"comment":0,"blank":1},"file:///c%3A/Users/Flynn/AppData/Roaming/.minecraft/saves/Hexenwerk%20Dev/datapacks/Hexenwerk%20Datapack/data/hexenwerk/item_modifiers/dev_stone/to_debug.json":{"language":"JSON","code":6,"comment":0,"blank":1},"file:///c%3A/Users/Flynn/AppData/Roaming/.minecraft/saves/Hexenwerk%20Dev/datapacks/Hexenwerk%20Datapack/data/hexenwerk/item_modifiers/dev_stone/to_deactivated.json":{"language":"JSON","code":6,"comment":0,"blank":1},"file:///c%3A/Users/Flynn/AppData/Roaming/.minecraft/saves/Hexenwerk%20Dev/datapacks/Hexenwerk%20Datapack/data/hexenwerk/item_modifiers/dev_stone/storage_to_wand.json":{"language":"JSON","code":16,"comment":0,"blank":1},"file:///c%3A/Users/Flynn/AppData/Roaming/.minecraft/saves/Hexenwerk%20Dev/datapacks/Hexenwerk%20Datapack/data/minecraft/tags/damage_type/bypasses_cooldown.json":{"language":"JSON","code":7,"comment":0,"blank":0},"file:///c%3A/Users/Flynn/AppData/Roaming/.minecraft/saves/Hexenwerk%20Dev/datapacks/Hexenwerk%20Datapack/data/minecraft/tags/functions/tick.json":{"language":"JSON","code":3,"comment":0,"blank":0},"file:///c%3A/Users/Flynn/AppData/Roaming/.minecraft/saves/Hexenwerk%20Dev/datapacks/Hexenwerk%20Datapack/data/minecraft/loot_tables/blocks/budding_amethyst.json":{"language":"JSON","code":23,"comment":0,"blank":1},"file:///c%3A/Users/Flynn/AppData/Roaming/.minecraft/saves/Hexenwerk%20Dev/datapacks/Hexenwerk%20Datapack/data/minecraft/tags/functions/load.json":{"language":"JSON","code":3,"comment":0,"blank":0},"file:///c%3A/Users/Flynn/AppData/Roaming/.minecraft/saves/Hexenwerk%20Dev/datapacks/Hexenwerk%20Datapack/data/minecraft/loot_tables/entities/enderman.json":{"language":"JSON","code":54,"comment":0,"blank":1},"file:///c%3A/Users/Flynn/AppData/Roaming/.minecraft/saves/Hexenwerk%20Dev/datapacks/Hexenwerk%20Datapack/data/minecraft/loot_tables/entities/blaze.json":{"language":"JSON","code":59,"comment":0,"blank":1},"file:///c%3A/Users/Flynn/AppData/Roaming/.minecraft/saves/Hexenwerk%20Dev/datapacks/Hexenwerk%20Datapack/data/minecraft/loot_tables/chests/shipwreck_treasure.json":{"language":"JSON","code":142,"comment":0,"blank":1},"file:///c%3A/Users/Flynn/AppData/Roaming/.minecraft/saves/Hexenwerk%20Dev/datapacks/Hexenwerk%20Datapack/data/minecraft/loot_tables/chests/desert_pyramid.json":{"language":"JSON","code":268,"comment":0,"blank":1},"file:///c%3A/Users/Flynn/AppData/Roaming/.minecraft/saves/Hexenwerk%20Dev/datapacks/Hexenwerk%20Datapack/data/hexenwerk/item_modifiers/attunements/wand/slots.json":{"language":"JSON","code":15,"comment":0,"blank":1},"file:///c%3A/Users/Flynn/AppData/Roaming/.minecraft/saves/Hexenwerk%20Dev/datapacks/Hexenwerk%20Datapack/data/minecraft/loot_tables/chests/nether_bridge.json":{"language":"JSON","code":141,"comment":0,"blank":1},"file:///c%3A/Users/Flynn/AppData/Roaming/.minecraft/saves/Hexenwerk%20Dev/datapacks/Hexenwerk%20Datapack/data/hexenwerk/item_modifiers/attunements/wand/slots/third.json":{"language":"JSON","code":14,"comment":0,"blank":1},"file:///c%3A/Users/Flynn/AppData/Roaming/.minecraft/saves/Hexenwerk%20Dev/datapacks/Hexenwerk%20Datapack/data/hexenwerk/item_modifiers/attunements/wand/slots/second.json":{"language":"JSON","code":14,"comment":0,"blank":1},"file:///c%3A/Users/Flynn/AppData/Roaming/.minecraft/saves/Hexenwerk%20Dev/datapacks/Hexenwerk%20Datapack/data/hexenwerk/item_modifiers/attunements/wand/slots/fourth.json":{"language":"JSON","code":14,"comment":0,"blank":1},"file:///c%3A/Users/Flynn/AppData/Roaming/.minecraft/saves/Hexenwerk%20Dev/datapacks/Hexenwerk%20Datapack/data/hexenwerk/item_modifiers/attunements/wand/slots/first.json":{"language":"JSON","code":14,"comment":0,"blank":1},"file:///c%3A/Users/Flynn/AppData/Roaming/.minecraft/saves/Hexenwerk%20Dev/datapacks/Hexenwerk%20Datapack/data/minecraft/loot_tables/chests/buried_treasure.json":{"language":"JSON","code":216,"comment":0,"blank":1},"file:///c%3A/Users/Flynn/AppData/Roaming/.minecraft/saves/Hexenwerk%20Dev/datapacks/Hexenwerk%20Datapack/data/hexenwerk/item_modifiers/attunements/wand/slots/fifth.json":{"language":"JSON","code":14,"comment":0,"blank":1}}