{
  "type": "minecraft:entity",
  "pools": [
    {
      "rolls": 1,
      "bonus_rolls": 0,
      "entries": [
        {
          "type": "minecraft:item",
          "weight": 10,
          "name": "minecraft:jigsaw",
          "functions": [
            {
              "function": "minecraft:looting_enchant",
              "count": {
                "type": "minecraft:uniform",
                "min": 0,
                "max": 1
              }
            },
            {
              "function": "minecraft:set_nbt",
              "tag": "{display:{Name:'{\"text\":\"item.hexenwerk.ender_core\",\"color\":\"#62DEDE\",\"italic\":false}'},CustomModelData:1725,hexenwerk-ender_core:1b}"
            }
          ]
        },
        {
          "type": "minecraft:item",
          "weight": 95,
          "name": "minecraft:ender_pearl",
          "functions": [
            {
              "function": "minecraft:set_count",
              "count": {
                "type": "minecraft:uniform",
                "min": 0,
                "max": 1
              },
              "add": false
            },
            {
              "function": "minecraft:looting_enchant",
              "count": {
                "type": "minecraft:uniform",
                "min": 0,
                "max": 1
              }
            }
          ]
        }
      ]
    }
  ]
}
