[
  {
    "function": "minecraft:set_lore",
    "entity": "this",
    "lore": [
      [
        {
        "text": "> ",
        "color": "#e984f6",
        "bold": false,
        "italic": false
        },
        {
          "translate": "attunement.hexenwerk.overflow",
          "color": "#e984f6",
          "bold": false,
          "italic": false
        },
        {
          "text": " I",
          "color": "#e984f6",
          "bold": false,
          "italic": false
        }
      ]
    ],
    "replace": false
  },
  {
    "function": "minecraft:set_nbt",
    "tag": "{hexenwerk-attunements:{mana_max_modifier:25},hexenwerk-attuned:1b,CustomModelData:1726}"
  }
]
